Locality,cuisine_bucket,Supply,Demand,AvgVotesPerRestaurant,mean_Cred_Rating,locality_p75_threshold,percentile_rank,is_opportunity
Alaknanda,Bakery,3,62,20.666666666666668,3.3457190423550878,23.0,0.6923076923076923,False
Alaknanda,Cafe,1,23,23.0,3.302951815976493,23.0,0.7692307692307693,False
Alaknanda,Chinese,6,178,29.666666666666668,3.255488373870623,23.0,0.9230769230769231,False
Alaknanda,Desserts,1,16,16.0,3.3386543192354994,23.0,0.5384615384615384,False
Alaknanda,Fast Food,2,11,5.5,3.231875512505125,23.0,0.15384615384615385,False
Alaknanda,Ice Cream,2,16,8.0,3.4065481071477377,23.0,0.3076923076923077,False
Alaknanda,Mithai,3,35,11.666666666666666,3.310573081882134,23.0,0.38461538461538464,False
Alaknanda,Mughlai,1,1,1.0,,23.0,0.07692307692307693,False
Alaknanda,North Indian,7,170,24.285714285714285,3.320680935377569,23.0,0.8461538461538461,False
Alaknanda,Other,1,452,452.0,3.8463323967072003,23.0,1.0,True
Alaknanda,Raw Meats,2,35,17.5,3.2882444136941364,23.0,0.6153846153846154,False
Alaknanda,South Indian,2,31,15.5,2.9826566343788437,23.0,0.46153846153846156,False
Alaknanda,Street Food,1,7,7.0,3.319866620541205,23.0,0.23076923076923078,False
Anand Vihar,Bakery,9,80,8.88888888888889,3.414666506237605,46.020833333333336,0.3333333333333333,False
Anand Vihar,Cafe,4,111,27.75,3.5218750088900763,46.020833333333336,0.5,False
Anand Vihar,Chinese,8,295,36.875,3.301505040404508,46.020833333333336,0.5833333333333334,False
Anand Vihar,Desserts,1,58,58.0,3.486098418227173,46.020833333333336,0.9166666666666666,True
Anand Vihar,Fast Food,8,338,42.25,3.3433561288525993,46.020833333333336,0.75,False
Anand Vihar,Ice Cream,1,12,12.0,3.3411890286935653,46.020833333333336,0.4166666666666667,False
Anand Vihar,Italian,1,0,0.0,,46.020833333333336,0.08333333333333333,False
Anand Vihar,Mughlai,1,5,5.0,3.3187505694501387,46.020833333333336,0.16666666666666666,False
Anand Vihar,North Indian,3,188,62.666666666666664,3.5011796935051733,46.020833333333336,1.0,False
Anand Vihar,Other,1,42,42.0,3.4199179203330488,46.020833333333336,0.6666666666666666,False
Anand Vihar,South Indian,2,13,6.5,3.3418755125051245,46.020833333333336,0.25,False
Anand Vihar,Street Food,3,172,57.333333333333336,3.308251095634005,46.020833333333336,0.8333333333333334,False
Ashok Vihar Phase 1,Bakery,5,234,46.8,3.387735632388223,30.666666666666668,0.8888888888888888,False
Ashok Vihar Phase 1,Chinese,3,92,30.666666666666668,3.221893835415627,30.666666666666668,0.7777777777777778,False
Ashok Vihar Phase 1,Fast Food,5,69,13.8,3.35775455224449,30.666666666666668,0.5555555555555556,False
Ashok Vihar Phase 1,Ice Cream,1,0,0.0,,30.666666666666668,0.1111111111111111,False
Ashok Vihar Phase 1,Mithai,3,17,5.666666666666667,3.1283207929735544,30.666666666666668,0.3333333333333333,False
Ashok Vihar Phase 1,North Indian,14,411,29.357142857142858,3.258198390694368,30.666666666666668,0.6666666666666666,False
Ashok Vihar Phase 1,Other,1,3,3.0,,30.666666666666668,0.2222222222222222,False
Ashok Vihar Phase 1,Raw Meats,3,23,7.666666666666667,3.3663736725395417,30.666666666666668,0.4444444444444444,False
Ashok Vihar Phase 1,Street Food,1,135,135.0,3.3870246236429753,30.666666666666668,1.0,True
Chanakyapuri,Bakery,3,58,19.333333333333332,3.3460556887535553,83.3,0.42857142857142855,False
Chanakyapuri,Cafe,3,15,5.0,3.318965360938986,83.3,0.21428571428571427,False
Chanakyapuri,Chinese,13,497,38.23076923076923,3.3047653011431986,83.3,0.5714285714285714,False
Chanakyapuri,Fast Food,1,5,5.0,3.30023205093162,83.3,0.21428571428571427,False
Chanakyapuri,North Indian,5,458,91.6,2.959188213016049,83.3,1.0,False
Chanakyapuri,Other,5,428,85.6,3.474038750449367,83.3,0.8571428571428571,False
Chanakyapuri,South Indian,2,162,81.0,3.3886310988109876,83.3,0.7142857142857143,False
Chandni Chowk,Bakery,1,9,9.0,3.2967677715570254,111.74727272727273,0.2,False
Chandni Chowk,Chinese,1,0,0.0,,111.74727272727273,0.1,False
Chandni Chowk,Desserts,2,21,10.5,3.364366130601604,111.74727272727273,0.3,False
Chandni Chowk,Fast Food,4,142,35.5,3.273019521096091,111.74727272727273,0.4,False
Chandni Chowk,Ice Cream,1,521,521.0,4.2184430364040475,111.74727272727273,1.0,True
Chandni Chowk,Mithai,11,1360,123.63636363636364,3.5391673740542715,111.74727272727273,0.8,False
Chandni Chowk,Mughlai,6,362,60.333333333333336,3.5103721191431023,111.74727272727273,0.6,False
Chandni Chowk,North Indian,25,1902,76.08,3.3243821269017606,111.74727272727273,0.7,False
Chandni Chowk,Other,4,186,46.5,3.511469119152242,111.74727272727273,0.5,False
Chandni Chowk,Street Food,12,2177,181.41666666666666,3.572100351736319,111.74727272727273,0.9,False
Chittaranjan Park,Bakery,2,2,1.0,,92.75,0.13636363636363635,False
Chittaranjan Park,Cafe,1,1,1.0,,92.75,0.13636363636363635,False
Chittaranjan Park,Chinese,3,57,19.0,3.195735769650091,92.75,0.2727272727272727,False
Chittaranjan Park,Continental,1,109,109.0,3.7298261439892877,92.75,0.8181818181818182,True
Chittaranjan Park,Desserts,1,112,112.0,3.663431868014332,92.75,0.9090909090909091,True
Chittaranjan Park,Fast Food,8,227,28.375,3.3891982447577824,92.75,0.45454545454545453,False
Chittaranjan Park,Mithai,4,81,20.25,3.38929170119207,92.75,0.36363636363636365,False
Chittaranjan Park,Mughlai,2,153,76.5,3.1054690630405246,92.75,0.7272727272727273,False
Chittaranjan Park,North Indian,19,1310,68.94736842105263,3.2071908413658416,92.75,0.6363636363636364,False
Chittaranjan Park,Other,4,536,134.0,3.31363562572944,92.75,1.0,False
Chittaranjan Park,Raw Meats,1,29,29.0,3.109135009619327,92.75,0.5454545454545454,False
Civil Lines,Bakery,3,22,7.333333333333333,3.3185379015561165,89.96153846153845,0.18181818181818182,False
Civil Lines,Cafe,5,1356,271.2,3.7147017634341233,89.96153846153845,1.0,False
Civil Lines,Chinese,5,366,73.2,3.418519810297454,89.96153846153845,0.6363636363636364,False
Civil Lines,Continental,1,59,59.0,3.487153062502847,89.96153846153845,0.36363636363636365,False
Civil Lines,Desserts,1,57,57.0,3.485023875002901,89.96153846153845,0.2727272727272727,False
Civil Lines,Fast Food,4,270,67.5,3.519771279907927,89.96153846153845,0.5454545454545454,False
Civil Lines,Italian,2,252,126.0,3.7076169388338616,89.96153846153845,0.9090909090909091,True
Civil Lines,Mughlai,1,6,6.0,3.323864195460136,89.96153846153845,0.09090909090909091,False
Civil Lines,North Indian,13,961,73.92307692307692,3.467374328916338,89.96153846153845,0.7272727272727273,False
Civil Lines,Other,5,307,61.4,3.5818830201486476,89.96153846153845,0.45454545454545453,False
Civil Lines,South Indian,1,106,106.0,3.3845969725826284,89.96153846153845,0.8181818181818182,True
Connaught Place,Bakery,2,5048,2524.0,4.2781802718832616,1151.0,0.9230769230769231,True
Connaught Place,Cafe,8,7767,970.875,3.6882833396789314,1151.0,0.46153846153846156,False
Connaught Place,Chinese,8,6306,788.25,3.604374884306166,1151.0,0.38461538461538464,False
Connaught Place,Continental,8,8608,1076.0,3.9144889169114427,1151.0,0.6153846153846154,False
Connaught Place,Fast Food,6,3228,538.0,3.662025060302279,1151.0,0.15384615384615385,False
Connaught Place,Ice Cream,1,2620,2620.0,4.871567077838258,1151.0,1.0,True
Connaught Place,Italian,3,1501,500.3333333333333,3.736967790092607,1151.0,0.07692307692307693,False
Connaught Place,Mughlai,2,1281,640.5,3.567256670862046,1151.0,0.23076923076923078,False
Connaught Place,North Indian,48,52846,1100.9583333333333,3.7106213255133045,1151.0,0.6923076923076923,False
Connaught Place,Other,28,28882,1031.5,3.741502600403313,1151.0,0.5384615384615384,False
Connaught Place,Pizza,4,3150,787.5,3.6776447098087424,1151.0,0.3076923076923077,False
Connaught Place,South Indian,3,5721,1907.0,3.7212112048591437,1151.0,0.8461538461538461,False
Connaught Place,Street Food,1,1151,1151.0,3.877593775625256,1151.0,0.7692307692307693,False
"Cyber Hub, DLF Cyber City",Bakery,1,227,227.0,3.720335256341693,921.7083333333334,0.1,False
"Cyber Hub, DLF Cyber City",Cafe,5,2274,454.8,3.728545934326694,921.7083333333334,0.4,False
"Cyber Hub, DLF Cyber City",Chinese,2,791,395.5,3.929866192205095,921.7083333333334,0.2,False
"Cyber Hub, DLF Cyber City",Continental,4,3794,948.5,3.9064241021837143,921.7083333333334,0.8,False
"Cyber Hub, DLF Cyber City",Desserts,1,425,425.0,3.8432753813297627,921.7083333333334,0.3,False
"Cyber Hub, DLF Cyber City",Ice Cream,1,455,455.0,3.5758185133934672,921.7083333333334,0.5,False
"Cyber Hub, DLF Cyber City",Italian,2,3037,1518.5,3.000429092629053,921.7083333333334,1.0,True
"Cyber Hub, DLF Cyber City",North Indian,6,5048,841.3333333333334,3.847804796947609,921.7083333333334,0.7,False
"Cyber Hub, DLF Cyber City",Other,17,18935,1113.8235294117646,3.901171109033464,921.7083333333334,0.9,False
"Cyber Hub, DLF Cyber City",Pizza,2,1199,599.5,3.7823920709556242,921.7083333333334,0.6,False
"DLF Mall of India, Sector 18,  Noida",Bakery,2,160,80.0,3.7976396039162004,314.7,0.2727272727272727,False
"DLF Mall of India, Sector 18,  Noida",Cafe,3,211,70.33333333333333,3.564049903293361,314.7,0.18181818181818182,False
"DLF Mall of India, Sector 18,  Noida",Chinese,2,372,186.0,3.7852340294667655,314.7,0.36363636363636365,False
"DLF Mall of India, Sector 18,  Noida",Continental,1,567,567.0,4.0404424200492,314.7,1.0,True
"DLF Mall of India, Sector 18,  Noida",Desserts,1,324,324.0,4.3490952567032375,314.7,0.8181818181818182,True
"DLF Mall of India, Sector 18,  Noida",Fast Food,1,232,232.0,3.8043150560509162,314.7,0.5454545454545454,False
"DLF Mall of India, Sector 18,  Noida",Ice Cream,2,113,56.5,3.616139033617449,314.7,0.09090909090909091,False
"DLF Mall of India, Sector 18,  Noida",Italian,2,539,269.5,3.8070480955603268,314.7,0.6363636363636364,False
"DLF Mall of India, Sector 18,  Noida",North Indian,5,1527,305.4,3.6914525555786653,314.7,0.7272727272727273,False
"DLF Mall of India, Sector 18,  Noida",Other,11,4018,365.27272727272725,3.7272197053914513,314.7,0.9090909090909091,False
"DLF Mall of India, Sector 18,  Noida",Pizza,1,214,214.0,3.6350286340315874,314.7,0.45454545454545453,False
DLF Phase 3,Bakery,8,312,39.0,3.225783148851804,42.80769230769231,0.5833333333333334,False
DLF Phase 3,Cafe,3,56,18.666666666666668,3.3056706842355776,42.80769230769231,0.16666666666666666,False
DLF Phase 3,Chinese,4,115,28.75,3.2737846281604743,42.80769230769231,0.25,False
DLF Phase 3,Continental,2,87,43.5,3.399712293069712,42.80769230769231,0.8333333333333334,True
DLF Phase 3,Fast Food,7,237,33.857142857142854,3.292153373747104,42.80769230769231,0.4166666666666667,False
DLF Phase 3,Italian,1,29,29.0,3.443750394234711,42.80769230769231,0.3333333333333333,False
DLF Phase 3,Mithai,1,36,36.0,3.033088597062441,42.80769230769231,0.5,False
DLF Phase 3,Mughlai,1,17,17.0,3.312311071974356,42.80769230769231,0.08333333333333333,False
DLF Phase 3,North Indian,26,1107,42.57692307692308,3.2104941029846668,42.80769230769231,0.75,False
DLF Phase 3,Other,9,1400,155.55555555555554,3.7529062731576155,42.80769230769231,1.0,False
DLF Phase 3,South Indian,4,415,103.75,3.3587209106132674,42.80769230769231,0.9166666666666666,False
DLF Phase 3,Street Food,3,126,42.0,3.2636703823089124,42.80769230769231,0.6666666666666666,False
Daryaganj,Bakery,1,8,8.0,3.3160093114089033,46.375,0.4,False
Daryaganj,Cafe,2,22,11.0,3.1804581795817954,46.375,0.5,False
Daryaganj,Fast Food,2,23,11.5,3.175174038198715,46.375,0.6,False
Daryaganj,Mithai,1,1,1.0,,46.375,0.1,False
Daryaganj,Mughlai,5,280,56.0,3.649153381572878,46.375,0.8,False
Daryaganj,North Indian,27,2114,78.29629629629629,3.4439593033955065,46.375,0.9,False
Daryaganj,Other,1,85,85.0,3.5724815727634884,46.375,1.0,True
Daryaganj,Pizza,2,35,17.5,2.9359571697568825,46.375,0.7,False
Daryaganj,South Indian,1,5,5.0,3.3187505694501387,46.375,0.2,False
Daryaganj,Street Food,1,6,6.0,3.334773286369227,46.375,0.3,False
Defence Colony,Bakery,9,1496,166.22222222222223,3.5662741694136915,303.0833333333333,0.6666666666666666,False
Defence Colony,Cafe,6,1426,237.66666666666666,3.6752169245699875,303.0833333333333,0.7333333333333333,False
Defence Colony,Chinese,6,688,114.66666666666667,3.5028675538745304,303.0833333333333,0.5333333333333333,False
Defence Colony,Continental,4,1485,371.25,3.4745209751142583,303.0833333333333,0.8666666666666667,False
Defence Colony,Desserts,3,144,48.0,3.357215606897689,303.0833333333333,0.26666666666666666,False
Defence Colony,Fast Food,5,343,68.6,3.329186114012836,303.0833333333333,0.3333333333333333,False
Defence Colony,Ice Cream,4,279,69.75,3.4705655853251587,303.0833333333333,0.4,False
Defence Colony,Italian,4,1616,404.0,3.8359442567403157,303.0833333333333,0.9333333333333333,False
Defence Colony,Mithai,2,32,16.0,3.306544401711623,303.0833333333333,0.1,False
Defence Colony,Mughlai,3,119,39.666666666666664,3.3852644593962786,303.0833333333333,0.2,False
Defence Colony,North Indian,29,4146,142.9655172413793,3.4713253583352657,303.0833333333333,0.6,False
Defence Colony,Other,8,2948,368.5,3.7262189663822625,303.0833333333333,0.8,False
Defence Colony,Pizza,1,78,78.0,2.828445124018169,303.0833333333333,0.4666666666666667,False
Defence Colony,Raw Meats,1,16,16.0,3.190962011543192,303.0833333333333,0.1,False
Defence Colony,South Indian,1,782,782.0,3.9617479311074697,303.0833333333333,1.0,True
Delhi University-GTB Nagar,Bakery,5,833,166.6,3.42786545939493,157.9875,0.8571428571428571,False
Delhi University-GTB Nagar,Cafe,13,11135,856.5384615384615,3.784164566586401,157.9875,1.0,False
Delhi University-GTB Nagar,Chinese,9,3003,333.6666666666667,3.336416451884546,157.9875,0.9285714285714286,False
Delhi University-GTB Nagar,Fast Food,3,84,28.0,3.297253703645793,157.9875,0.2857142857142857,False
Delhi University-GTB Nagar,Ice Cream,2,249,124.5,3.8264487834138903,157.9875,0.5714285714285714,False
Delhi University-GTB Nagar,Italian,2,291,145.5,3.0120885477721764,157.9875,0.7142857142857143,False
Delhi University-GTB Nagar,Mithai,1,5,5.0,3.30023205093162,157.9875,0.14285714285714285,False
Delhi University-GTB Nagar,Mughlai,2,17,8.5,3.312311071974356,157.9875,0.21428571428571427,False
Delhi University-GTB Nagar,North Indian,20,3243,162.15,3.3302922299802526,157.9875,0.7857142857142857,False
Delhi University-GTB Nagar,Other,3,164,54.666666666666664,3.03843718513888,157.9875,0.35714285714285715,False
Delhi University-GTB Nagar,Pizza,1,109,109.0,2.7640033591791613,157.9875,0.5,False
Delhi University-GTB Nagar,Raw Meats,1,72,72.0,3.20175645248188,157.9875,0.42857142857142855,False
Delhi University-GTB Nagar,South Indian,2,285,142.5,2.7173387438252723,157.9875,0.6428571428571429,False
Delhi University-GTB Nagar,Street Food,1,0,0.0,,157.9875,0.07142857142857142,False
Dilshad Garden,Bakery,1,15,15.0,3.2923832929735544,22.75,0.5909090909090909,False
Dilshad Garden,Chinese,8,84,10.5,3.1514313215522725,22.75,0.45454545454545453,False
Dilshad Garden,Fast Food,6,129,21.5,3.2505076143929963,22.75,0.7272727272727273,False
Dilshad Garden,Italian,3,165,55.0,3.153921234173336,22.75,1.0,False
Dilshad Garden,Mithai,2,9,4.5,3.2967677715570254,22.75,0.18181818181818182,False
Dilshad Garden,Mughlai,4,30,7.5,3.3056288945050905,22.75,0.36363636363636365,False
Dilshad Garden,North Indian,24,656,27.333333333333332,3.247880734683995,22.75,0.9090909090909091,False
Dilshad Garden,Other,1,7,7.0,3.307366620541205,22.75,0.2727272727272727,False
Dilshad Garden,Pizza,4,96,24.0,3.3129205556761447,22.75,0.8181818181818182,False
Dilshad Garden,Raw Meats,1,4,4.0,3.324764731137877,22.75,0.09090909090909091,False
Dilshad Garden,South Indian,3,45,15.0,3.325489471616207,22.75,0.5909090909090909,False
East Patel Nagar,Bakery,4,201,50.25,3.5077851061582934,91.0,0.6428571428571429,False
East Patel Nagar,Cafe,5,89,17.8,3.2528787943266964,91.0,0.2857142857142857,False
East Patel Nagar,Chinese,6,627,104.5,3.459097183814882,91.0,0.8571428571428571,False
East Patel Nagar,Continental,2,190,95.0,3.5515349482230283,91.0,0.7857142857142857,True
East Patel Nagar,Desserts,1,28,28.0,3.332630269484513,91.0,0.42857142857142855,False
East Patel Nagar,Fast Food,6,195,32.5,3.175591195143513,91.0,0.5714285714285714,False
East Patel Nagar,Ice Cream,1,11,11.0,3.213542179171791,91.0,0.21428571428571427,False
East Patel Nagar,Mithai,1,3,3.0,,91.0,0.10714285714285714,False
East Patel Nagar,North Indian,15,462,30.8,3.2814029336406922,91.0,0.5,False
East Patel Nagar,Other,3,237,79.0,3.4993282862300656,91.0,0.7142857142857143,False
East Patel Nagar,Pizza,1,119,119.0,3.4566222068470682,91.0,0.9285714285714286,True
East Patel Nagar,Raw Meats,3,79,26.333333333333332,3.325041446910681,91.0,0.35714285714285715,False
East Patel Nagar,South Indian,1,359,359.0,3.5701287518389893,91.0,1.0,True
East Patel Nagar,Street Food,1,3,3.0,,91.0,0.10714285714285714,False
East of Kailash,Bakery,6,35,5.833333333333333,3.310596332531223,11.619047619047619,0.45454545454545453,False
East of Kailash,Cafe,1,24,24.0,3.1371579554836644,11.619047619047619,0.9090909090909091,True
East of Kailash,Chinese,7,724,103.42857142857143,3.5197663331621496,11.619047619047619,1.0,False
East of Kailash,Fast Food,5,16,3.2,3.305208845838458,11.619047619047619,0.2727272727272727,False
East of Kailash,Mithai,1,10,10.0,3.2408903517001266,11.619047619047619,0.7272727272727273,False
East of Kailash,Mughlai,3,1,0.3333333333333333,,11.619047619047619,0.09090909090909091,False
East of Kailash,North Indian,21,278,13.238095238095237,3.288797899395575,11.619047619047619,0.8181818181818182,False
East of Kailash,Other,7,47,6.714285714285714,3.2969554206314236,11.619047619047619,0.6363636363636364,False
East of Kailash,Pizza,1,2,2.0,,11.619047619047619,0.18181818181818182,False
East of Kailash,Raw Meats,1,4,4.0,3.317217561326556,11.619047619047619,0.36363636363636365,False
East of Kailash,Street Food,3,18,6.0,3.235685979843669,11.619047619047619,0.5454545454545454,False
GTB Nagar,Cafe,4,330,82.5,3.7088778651058996,31.125,0.875,False
GTB Nagar,Chinese,2,3,1.5,,31.125,0.25,False
GTB Nagar,Fast Food,6,16,2.6666666666666665,3.3215168975460245,31.125,0.375,False
GTB Nagar,Mithai,1,10,10.0,3.2578395042424995,31.125,0.625,False
GTB Nagar,North Indian,19,2069,108.89473684210526,3.454426148113626,31.125,1.0,False
GTB Nagar,Other,3,42,14.0,3.4100295332733688,31.125,0.75,False
GTB Nagar,Raw Meats,2,9,4.5,3.317128020664378,31.125,0.5,False
GTB Nagar,Street Food,1,0,0.0,,31.125,0.125,False
Geeta Colony,Chinese,7,91,13.0,3.1752133857728793,11.125,0.875,False
Geeta Colony,Fast Food,1,31,31.0,3.3701566343788434,11.125,1.0,True
Geeta Colony,Ice Cream,2,21,10.5,3.331416689434904,11.125,0.75,False
Geeta Colony,Mughlai,1,6,6.0,3.323864195460136,11.125,0.5,False
Geeta Colony,North Indian,19,159,8.368421052631579,3.315874632484574,11.125,0.625,False
Geeta Colony,Other,1,0,0.0,,11.125,0.1875,False
Geeta Colony,South Indian,1,0,0.0,,11.125,0.1875,False
Geeta Colony,Street Food,2,1,0.5,,11.125,0.375,False
Greater Kailash (GK) 1,Bakery,7,725,103.57142857142857,3.6500084889706987,165.75,0.6428571428571429,False
Greater Kailash (GK) 1,Cafe,6,1933,322.1666666666667,3.5370231171594835,165.75,0.9285714285714286,False
Greater Kailash (GK) 1,Chinese,5,454,90.8,3.448095776892592,165.75,0.5,False
Greater Kailash (GK) 1,Continental,4,197,49.25,3.6007452410904737,165.75,0.07142857142857142,False
Greater Kailash (GK) 1,Desserts,5,490,98.0,3.65737600669776,165.75,0.5714285714285714,False
Greater Kailash (GK) 1,Fast Food,6,670,111.66666666666667,3.430110046947066,165.75,0.7142857142857143,False
Greater Kailash (GK) 1,Ice Cream,1,56,56.0,3.4839288642886426,165.75,0.2857142857142857,False
Greater Kailash (GK) 1,Italian,1,51,51.0,3.6821253075030747,165.75,0.14285714285714285,False
Greater Kailash (GK) 1,Mughlai,1,75,75.0,3.320262344760544,165.75,0.35714285714285715,False
Greater Kailash (GK) 1,North Indian,9,1654,183.77777777777777,3.6011454479344818,165.75,0.7857142857142857,False
Greater Kailash (GK) 1,Other,18,3432,190.66666666666666,3.690773907065958,165.75,0.8571428571428571,False
Greater Kailash (GK) 1,Pizza,1,697,697.0,3.770526180630439,165.75,1.0,True
Greater Kailash (GK) 1,South Indian,1,53,53.0,3.532475791669681,165.75,0.21428571428571427,False
Greater Kailash (GK) 1,Street Food,1,84,84.0,3.571522787596297,165.75,0.42857142857142855,False
Greater Kailash (GK) 2,Bakery,10,2365,236.5,3.506591070647249,236.5,0.7692307692307693,False
Greater Kailash (GK) 2,Cafe,4,315,78.75,3.4613459180627686,236.5,0.38461538461538464,False
Greater Kailash (GK) 2,Chinese,7,3284,469.14285714285717,3.59665094152311,236.5,1.0,False
Greater Kailash (GK) 2,Continental,3,519,173.0,3.600605473024219,236.5,0.6153846153846154,False
Greater Kailash (GK) 2,Desserts,3,119,39.666666666666664,3.3846815438209794,236.5,0.23076923076923078,False
Greater Kailash (GK) 2,Fast Food,1,7,7.0,3.2948666205412054,236.5,0.07692307692307693,False
Greater Kailash (GK) 2,Ice Cream,3,210,70.0,3.4666686538694447,236.5,0.3076923076923077,False
Greater Kailash (GK) 2,Italian,3,1352,450.6666666666667,3.8766704138485437,236.5,0.9230769230769231,False
Greater Kailash (GK) 2,Mithai,1,12,12.0,3.3215168975460245,236.5,0.15384615384615385,False
Greater Kailash (GK) 2,North Indian,16,2650,165.625,3.50255364925687,236.5,0.5384615384615384,False
Greater Kailash (GK) 2,Other,11,2229,202.63636363636363,3.5842334536448885,236.5,0.6923076923076923,False
Greater Kailash (GK) 2,Pizza,2,298,149.0,3.3906629759373867,236.5,0.46153846153846156,False
Greater Kailash (GK) 2,South Indian,2,534,267.0,3.5799683536833182,236.5,0.8461538461538461,True
Greater Noida,Bakery,2,18,9.0,3.203172100750858,22.357142857142858,0.3,False
Greater Noida,Cafe,3,43,14.333333333333334,3.1928060319855036,22.357142857142858,0.5,False
Greater Noida,Chinese,1,36,36.0,3.033088597062441,22.357142857142858,0.9,True
Greater Noida,Fast Food,7,162,23.142857142857142,3.372206371297998,22.357142857142858,0.8,False
Greater Noida,Ice Cream,3,4,1.3333333333333333,,22.357142857142858,0.1,False
Greater Noida,Mithai,1,2,2.0,,22.357142857142858,0.2,False
Greater Noida,North Indian,16,233,14.5625,3.2155571479378846,22.357142857142858,0.6,False
Greater Noida,Other,3,29,9.666666666666666,3.3264791465155357,22.357142857142858,0.4,False
Greater Noida,Pizza,1,56,56.0,3.430595530955309,22.357142857142858,1.0,True
Greater Noida,Raw Meats,1,20,20.0,3.307427981888514,22.357142857142858,0.7,False
Green Park,Bakery,7,83,11.857142857142858,3.4340148255650433,182.2,0.3333333333333333,False
Green Park,Cafe,3,141,47.0,3.479381912982117,182.2,0.4166666666666667,False
Green Park,Chinese,5,823,164.6,3.401292295462147,182.2,0.75,False
Green Park,Fast Food,1,0,0.0,,182.2,0.125,False
Green Park,Ice Cream,1,9,9.0,3.281250530177715,182.2,0.25,False
Green Park,Italian,2,543,271.5,3.3500877907056816,182.2,0.9166666666666666,True
Green Park,Mughlai,1,235,235.0,3.3088469392616457,182.2,0.8333333333333334,True
Green Park,North Indian,8,497,62.125,3.2713880500160544,182.2,0.5,False
Green Park,Other,11,1009,91.72727272727273,3.5035004281568325,182.2,0.6666666666666666,False
Green Park,Pizza,3,248,82.66666666666667,3.1027465890010526,182.2,0.5833333333333334,False
Green Park,South Indian,3,1757,585.6666666666666,3.216827421671516,182.2,1.0,False
Green Park,Street Food,1,0,0.0,,182.2,0.125,False
Gujranwala Town,Bakery,3,181,60.333333333333336,3.5024047214359126,39.974999999999994,0.9,False
Gujranwala Town,Chinese,2,34,17.0,3.3472718006974667,39.974999999999994,0.6,False
Gujranwala Town,Fast Food,5,209,41.8,3.459520680453915,39.974999999999994,0.8,False
Gujranwala Town,Ice Cream,2,30,15.0,3.3697788702570564,39.974999999999994,0.5,False
Gujranwala Town,Mithai,2,69,34.5,3.2841146619562784,39.974999999999994,0.7,False
Gujranwala Town,Mughlai,3,293,97.66666666666667,3.341123618693814,39.974999999999994,1.0,False
Gujranwala Town,North Indian,17,200,11.764705882352942,3.3252473843308743,39.974999999999994,0.4,False
Gujranwala Town,Other,1,0,0.0,,39.974999999999994,0.1,False
Gujranwala Town,Raw Meats,1,1,1.0,,39.974999999999994,0.2,False
Gujranwala Town,Street Food,3,4,1.3333333333333333,,39.974999999999994,0.3,False
Hauz Khas,Bakery,7,328,46.857142857142854,3.3660699916278958,60.964285714285715,0.7142857142857143,False
Hauz Khas,Cafe,5,527,105.4,3.3728091469101615,60.964285714285715,0.9285714285714286,False
Hauz Khas,Chinese,8,302,37.75,3.319920644724073,60.964285714285715,0.5714285714285714,False
Hauz Khas,Continental,1,18,18.0,3.444963145526977,60.964285714285715,0.2857142857142857,False
Hauz Khas,Desserts,2,57,28.5,3.6943512572144948,60.964285714285715,0.35714285714285715,False
Hauz Khas,Fast Food,9,338,37.55555555555556,3.2414525196860486,60.964285714285715,0.5,False
Hauz Khas,Ice Cream,4,171,42.75,3.515945426767617,60.964285714285715,0.6428571428571429,False
Hauz Khas,Italian,1,1823,1823.0,4.080401992922172,60.964285714285715,1.0,True
Hauz Khas,Mughlai,1,8,8.0,3.2879391359703063,60.964285714285715,0.14285714285714285,False
Hauz Khas,North Indian,19,697,36.68421052631579,3.240823538422751,60.964285714285715,0.42857142857142855,False
Hauz Khas,Other,8,823,102.875,3.3763492960625205,60.964285714285715,0.8571428571428571,False
Hauz Khas,Raw Meats,1,12,12.0,3.3018447663984833,60.964285714285715,0.21428571428571427,False
Hauz Khas,South Indian,6,394,65.66666666666667,3.383609270700711,60.964285714285715,0.7857142857142857,False
Hauz Khas,Street Food,2,13,6.5,3.3215168975460245,60.964285714285715,0.07142857142857142,False
IP Extension,Bakery,9,307,34.111111111111114,3.444161823470273,40.66666666666667,0.6363636363636364,False
IP Extension,Chinese,2,9,4.5,3.25986896053171,40.66666666666667,0.2727272727272727,False
IP Extension,Desserts,2,25,12.5,3.469088253382533,40.66666666666667,0.45454545454545453,False
IP Extension,Fast Food,2,86,43.0,3.3486547803092703,40.66666666666667,0.8181818181818182,True
IP Extension,Italian,1,1,1.0,,40.66666666666667,0.13636363636363635,False
IP Extension,Mithai,3,115,38.333333333333336,3.3082162269923536,40.66666666666667,0.7272727272727273,False
IP Extension,North Indian,21,968,46.095238095238095,3.1038299822110913,40.66666666666667,0.9090909090909091,False
IP Extension,Other,2,2,1.0,,40.66666666666667,0.13636363636363635,False
IP Extension,Pizza,1,113,113.0,2.6877316712981942,40.66666666666667,1.0,True
IP Extension,South Indian,2,26,13.0,3.3108097014400917,40.66666666666667,0.5454545454545454,False
IP Extension,Street Food,2,18,9.0,3.283769115676231,40.66666666666667,0.36363636363636365,False
Jail Road,Bakery,2,31,15.5,3.340742720874178,18.5,0.6923076923076923,False
Jail Road,Cafe,1,5,5.0,3.3280098287093978,18.5,0.11538461538461539,False
Jail Road,Chinese,10,139,13.9,3.2930384690857872,18.5,0.5384615384615384,False
Jail Road,Desserts,3,24,8.0,3.331132595048845,18.5,0.34615384615384615,False
Jail Road,Fast Food,7,103,14.714285714285714,3.250975947967626,18.5,0.6153846153846154,False
Jail Road,Ice Cream,4,74,18.5,3.3686623999399634,18.5,0.7692307692307693,False
Jail Road,Mithai,1,5,5.0,3.337269087968657,18.5,0.11538461538461539,False
Jail Road,Mughlai,5,31,6.2,3.2859416162408746,18.5,0.23076923076923078,False
Jail Road,North Indian,23,1214,52.78260869565217,3.3634334520210287,18.5,0.9230769230769231,False
Jail Road,Other,2,21,10.5,3.149440757467276,18.5,0.46153846153846156,False
Jail Road,Raw Meats,1,60,60.0,3.3230507408285086,18.5,1.0,True
Jail Road,South Indian,1,8,8.0,3.2879391359703063,18.5,0.34615384615384615,False
Jail Road,Street Food,1,41,41.0,3.100139230558972,18.5,0.8461538461538461,True
Janakpuri,Bakery,5,380,76.0,3.237621925754092,95.33333333333333,0.3333333333333333,False
Janakpuri,Cafe,3,306,102.0,3.2569414494649997,95.33333333333333,0.8888888888888888,False
Janakpuri,Chinese,2,159,79.5,3.3797512560013656,95.33333333333333,0.4444444444444444,False
Janakpuri,Fast Food,3,546,182.0,3.600853504659146,95.33333333333333,1.0,False
Janakpuri,Ice Cream,1,33,33.0,3.411128423784237,95.33333333333333,0.1111111111111111,False
Janakpuri,Italian,3,286,95.33333333333333,3.4544355287969832,95.33333333333333,0.7777777777777778,False
Janakpuri,North Indian,22,1777,80.77272727272727,3.2650422665934014,95.33333333333333,0.5555555555555556,False
Janakpuri,Other,6,436,72.66666666666667,3.391931753639149,95.33333333333333,0.2222222222222222,False
Janakpuri,Pizza,1,88,88.0,3.3825732171555294,95.33333333333333,0.6666666666666666,False
Jangpura,Bakery,4,72,18.0,3.304148301161325,29.200000000000003,0.5833333333333334,False
Jangpura,Chinese,5,21,4.2,3.282520108160483,29.200000000000003,0.16666666666666666,False
Jangpura,Fast Food,3,438,146.0,3.56284761229823,29.200000000000003,1.0,False
Jangpura,Ice Cream,1,9,9.0,3.312285012936336,29.200000000000003,0.5,False
Jangpura,Mithai,3,57,19.0,3.2286866643456094,29.200000000000003,0.6666666666666666,False
Jangpura,Mughlai,5,25,5.0,3.1650341993284794,29.200000000000003,0.2916666666666667,False
Jangpura,North Indian,23,1339,58.21739130434783,3.288037776735357,29.200000000000003,0.9166666666666666,False
Jangpura,Other,5,103,20.6,3.3407021171498528,29.200000000000003,0.75,False
Jangpura,Pizza,1,55,55.0,3.6414666418298793,29.200000000000003,0.8333333333333334,True
Jangpura,Raw Meats,3,23,7.666666666666667,3.2963076719525874,29.200000000000003,0.4166666666666667,False
Jangpura,South Indian,2,2,1.0,,29.200000000000003,0.08333333333333333,False
Jangpura,Street Food,2,10,5.0,3.3256361144119913,29.200000000000003,0.2916666666666667,False
Janpath,Bakery,1,0,0.0,,396.3333333333333,0.16666666666666666,False
Janpath,Cafe,7,478,68.28571428571429,3.403984700391163,396.3333333333333,0.4444444444444444,False
Janpath,Chinese,1,0,0.0,,396.3333333333333,0.16666666666666666,False
Janpath,Fast Food,2,633,316.5,3.680585333824145,396.3333333333333,0.6666666666666666,False
Janpath,Italian,2,1463,731.5,3.584890076628527,396.3333333333333,0.8888888888888888,True
Janpath,North Indian,16,2235,139.6875,3.5764552493624957,396.3333333333333,0.5555555555555556,False
Janpath,Other,6,2378,396.3333333333333,3.7856497767916544,396.3333333333333,0.7777777777777778,False
Janpath,South Indian,1,1869,1869.0,4.178317273592444,396.3333333333333,1.0,True
Janpath,Street Food,3,78,26.0,3.428437364697247,396.3333333333333,0.3333333333333333,False
Kalkaji,Bakery,7,89,12.714285714285714,3.2417728359474696,51.03076923076923,0.2,False
Kalkaji,Cafe,2,63,31.5,3.288709281475726,51.03076923076923,0.4,False
Kalkaji,Chinese,4,246,61.5,3.2826358790747032,51.03076923076923,0.8666666666666667,False
Kalkaji,Desserts,1,14,14.0,3.317659218258849,51.03076923076923,0.26666666666666666,False
Kalkaji,Fast Food,7,236,33.714285714285715,3.31428840525157,51.03076923076923,0.4666666666666667,False
Kalkaji,Ice Cream,4,176,44.0,3.4256586377502285,51.03076923076923,0.6666666666666666,False
Kalkaji,Italian,1,36,36.0,3.4566180088271468,51.03076923076923,0.6,False
Kalkaji,Mithai,5,47,9.4,3.26746433227623,51.03076923076923,0.13333333333333333,False
Kalkaji,Mughlai,1,5,5.0,3.3187505694501387,51.03076923076923,0.06666666666666667,False
Kalkaji,North Indian,26,1260,48.46153846153846,3.2750687492941704,51.03076923076923,0.7333333333333333,False
Kalkaji,Other,4,136,34.0,3.3184161850139136,51.03076923076923,0.5333333333333333,False
Kalkaji,Pizza,1,492,492.0,3.759357727819422,51.03076923076923,1.0,True
Kalkaji,Raw Meats,1,26,26.0,3.298833743337433,51.03076923076923,0.3333333333333333,False
Kalkaji,South Indian,4,554,138.5,3.427454325590918,51.03076923076923,0.9333333333333333,False
Kalkaji,Street Food,5,268,53.6,3.341121385278499,51.03076923076923,0.8,False
Kamla Nagar,Bakery,4,274,68.5,3.516328055971487,96.45238095238095,0.6,False
Kamla Nagar,Cafe,4,173,43.25,3.2882595703034205,96.45238095238095,0.4,False
Kamla Nagar,Chinese,5,649,129.8,3.425654499656936,96.45238095238095,0.9333333333333333,False
Kamla Nagar,Continental,1,21,21.0,3.395893296432964,96.45238095238095,0.1,False
Kamla Nagar,Desserts,1,36,36.0,3.5413238911800877,96.45238095238095,0.3,False
Kamla Nagar,Fast Food,7,739,105.57142857142857,3.469391685567124,96.45238095238095,0.8,False
Kamla Nagar,Ice Cream,4,300,75.0,3.5504559383067194,96.45238095238095,0.6666666666666666,False
Kamla Nagar,Italian,1,21,21.0,3.365893296432964,96.45238095238095,0.1,False
Kamla Nagar,Mithai,2,119,59.5,3.5238466654552907,96.45238095238095,0.5333333333333333,False
Kamla Nagar,Mughlai,3,77,25.666666666666668,3.1977184980183133,96.45238095238095,0.2,False
Kamla Nagar,North Indian,16,942,58.875,3.399066663191864,96.45238095238095,0.4666666666666667,False
Kamla Nagar,Other,6,1021,170.16666666666666,3.592803257623133,96.45238095238095,1.0,False
Kamla Nagar,Pizza,1,36,36.0,3.371912126474206,96.45238095238095,0.3,False
Kamla Nagar,South Indian,6,524,87.33333333333333,3.2264488468695727,96.45238095238095,0.7333333333333333,False
Kamla Nagar,Street Food,4,480,120.0,3.577836291891356,96.45238095238095,0.8666666666666667,False
Karol Bagh,Bakery,3,227,75.66666666666667,3.4489131729570937,90.625,0.6,False
Karol Bagh,Cafe,3,283,94.33333333333333,3.2610141108928015,90.625,0.8666666666666667,False
Karol Bagh,Chinese,7,597,85.28571428571429,3.2406348459359218,90.625,0.6666666666666666,False
Karol Bagh,Continental,2,181,90.5,3.781217160856015,90.625,0.7333333333333333,False
Karol Bagh,Desserts,2,109,54.5,3.396220445792124,90.625,0.4,False
Karol Bagh,Fast Food,8,1515,189.375,3.4797169319484333,90.625,1.0,False
Karol Bagh,Ice Cream,2,77,38.5,3.2176001098030182,90.625,0.13333333333333333,False
Karol Bagh,Italian,1,44,44.0,3.3743282876377148,90.625,0.26666666666666666,False
Karol Bagh,Mithai,2,109,54.5,3.4590831905411736,90.625,0.4,False
Karol Bagh,Mughlai,1,27,27.0,3.404112246714572,90.625,0.06666666666666667,False
Karol Bagh,North Indian,28,2541,90.75,3.259551109868858,90.625,0.8,False
Karol Bagh,Other,6,978,163.0,3.2708245744559417,90.625,0.9333333333333333,False
Karol Bagh,Pizza,1,43,43.0,3.374049247285951,90.625,0.2,False
Karol Bagh,South Indian,8,465,58.125,3.232763124474725,90.625,0.5333333333333333,False
Karol Bagh,Street Food,2,109,54.5,3.5982381855068546,90.625,0.4,False
Khan Market,Bakery,6,1797,299.5,3.7110774286639328,661.5,0.3333333333333333,False
Khan Market,Cafe,7,2671,381.57142857142856,3.736352895013407,661.5,0.4444444444444444,False
Khan Market,Chinese,2,912,456.0,3.7054290267338175,661.5,0.5555555555555556,False
Khan Market,Continental,2,379,189.5,3.6583696405790724,661.5,0.1111111111111111,False
Khan Market,Italian,5,8876,1775.2,4.109790497737561,661.5,1.0,False
Khan Market,Mughlai,4,3113,778.25,3.6049230623074715,661.5,0.8888888888888888,False
Khan Market,North Indian,2,1323,661.5,3.360715178072922,661.5,0.7777777777777778,False
Khan Market,Other,15,9152,610.1333333333333,3.803250250979521,661.5,0.6666666666666666,False
Khan Market,Street Food,1,242,242.0,3.2254726142622254,661.5,0.2222222222222222,False
Kirti Nagar,Bakery,1,68,68.0,3.553953254276132,56.5,1.0,True
Kirti Nagar,Cafe,2,27,13.5,3.3138582735571847,56.5,0.15384615384615385,False
Kirti Nagar,Chinese,8,191,23.875,3.1496720793996613,56.5,0.6153846153846154,False
Kirti Nagar,Desserts,1,23,23.0,3.175174038198715,56.5,0.5384615384615384,False
Kirti Nagar,Fast Food,3,44,14.666666666666666,3.3252165871746127,56.5,0.23076923076923078,False
Kirti Nagar,Italian,2,81,40.5,3.1175043106393705,56.5,0.6923076923076923,False
Kirti Nagar,Mithai,2,113,56.5,3.295136609023321,56.5,0.7692307692307693,False
Kirti Nagar,Mughlai,1,4,4.0,3.3096703915152355,56.5,0.07692307692307693,False
Kirti Nagar,North Indian,26,1486,57.15384615384615,3.2833484774951356,56.5,0.9230769230769231,False
Kirti Nagar,Other,3,64,21.333333333333332,3.3068795226464256,56.5,0.46153846153846156,False
Kirti Nagar,Pizza,1,57,57.0,3.3237031202859195,56.5,0.8461538461538461,True
Kirti Nagar,Raw Meats,2,30,15.0,3.231548107147738,56.5,0.3076923076923077,False
Kirti Nagar,Street Food,4,76,19.0,3.3547993531791285,56.5,0.38461538461538464,False
Krishna Nagar,Bakery,7,108,15.428571428571429,3.429163566407511,16.0,0.6923076923076923,False
Krishna Nagar,Chinese,8,39,4.875,3.2959594496427647,16.0,0.23076923076923078,False
Krishna Nagar,Desserts,2,32,16.0,3.338801258914228,16.0,0.7692307692307693,False
Krishna Nagar,Fast Food,2,13,6.5,3.3235421791717914,16.0,0.38461538461538464,False
Krishna Nagar,Ice Cream,1,6,6.0,3.334773286369227,16.0,0.3076923076923077,False
Krishna Nagar,Mithai,4,28,7.0,3.35194241083356,16.0,0.5384615384615384,False
Krishna Nagar,Mughlai,2,9,4.5,3.281250530177715,16.0,0.15384615384615385,False
Krishna Nagar,North Indian,33,568,17.21212121212121,3.275041444275525,16.0,0.8461538461538461,False
Krishna Nagar,Other,3,22,7.333333333333333,3.273415926060669,16.0,0.6153846153846154,False
Krishna Nagar,Pizza,5,110,22.0,3.2839472070123925,16.0,0.9230769230769231,False
Krishna Nagar,Raw Meats,2,2,1.0,,16.0,0.07692307692307693,False
Krishna Nagar,South Indian,3,113,37.666666666666664,3.1623378399281887,16.0,1.0,False
Krishna Nagar,Street Food,5,33,6.6,3.3191291277666872,16.0,0.46153846153846156,False
Lajpat Nagar 1,Bakery,6,9,1.5,3.324764731137877,16.0,0.18181818181818182,False
Lajpat Nagar 1,Cafe,1,7,7.0,3.307366620541205,16.0,0.7272727272727273,False
Lajpat Nagar 1,Chinese,5,370,74.0,3.3868459252304732,16.0,1.0,False
Lajpat Nagar 1,Desserts,1,4,4.0,3.324764731137877,16.0,0.45454545454545453,False
Lajpat Nagar 1,Fast Food,2,50,25.0,3.360005332458016,16.0,0.8181818181818182,True
Lajpat Nagar 1,Mithai,2,10,5.0,3.2739040482510084,16.0,0.6363636363636364,False
Lajpat Nagar 1,Mughlai,3,1,0.3333333333333333,,16.0,0.09090909090909091,False
Lajpat Nagar 1,North Indian,16,551,34.4375,3.339430197994718,16.0,0.9090909090909091,False
Lajpat Nagar 1,Raw Meats,1,2,2.0,,16.0,0.2727272727272727,False
Lajpat Nagar 1,South Indian,3,13,4.333333333333333,3.250216047419095,16.0,0.5454545454545454,False
Lajpat Nagar 1,Street Food,2,5,2.5,3.3323119009491977,16.0,0.36363636363636365,False
Laxmi Nagar,Bakery,3,214,71.33333333333333,3.350173428377406,71.5,0.75,False
Laxmi Nagar,Cafe,3,86,28.666666666666668,3.278108209947078,71.5,0.5,False
Laxmi Nagar,Chinese,10,794,79.4,3.3774103080384084,71.5,0.9166666666666666,False
Laxmi Nagar,Fast Food,7,70,10.0,3.3101549158537864,71.5,0.16666666666666666,False
Laxmi Nagar,Italian,1,270,270.0,3.731073764107547,71.5,1.0,True
Laxmi Nagar,Mithai,2,19,9.5,3.2803897803780666,71.5,0.08333333333333333,False
Laxmi Nagar,Mughlai,2,48,24.0,3.1188918144389772,71.5,0.4166666666666667,False
Laxmi Nagar,North Indian,18,545,30.27777777777778,3.1682789501244395,71.5,0.5833333333333334,False
Laxmi Nagar,Other,3,128,42.666666666666664,3.447332084565229,71.5,0.6666666666666666,False
Laxmi Nagar,Pizza,3,71,23.666666666666668,3.1654809055466946,71.5,0.3333333333333333,False
Laxmi Nagar,South Indian,4,63,15.75,3.228832055205399,71.5,0.25,False
Laxmi Nagar,Street Food,2,144,72.0,3.377585312617832,71.5,0.8333333333333334,True
Lodhi Colony,Bakery,1,12,12.0,3.3018447663984833,148.0,0.23076923076923078,False
Lodhi Colony,Cafe,4,79,19.75,3.1665199292325705,148.0,0.38461538461538464,False
Lodhi Colony,Chinese,2,50,25.0,3.182555237796712,148.0,0.46153846153846156,False
Lodhi Colony,Desserts,2,258,129.0,3.63905830700577,148.0,0.6923076923076923,False
Lodhi Colony,Fast Food,1,8,8.0,3.3160093114089033,148.0,0.07692307692307693,False
Lodhi Colony,Ice Cream,1,26,26.0,3.4375004100040996,148.0,0.5384615384615384,False
Lodhi Colony,Italian,1,171,171.0,3.311420594319579,148.0,0.8461538461538461,True
Lodhi Colony,Mithai,2,31,15.5,3.3179995659446764,148.0,0.3076923076923077,False
Lodhi Colony,Mughlai,1,148,148.0,3.4630077703061293,148.0,0.7692307692307693,False
Lodhi Colony,North Indian,5,430,86.0,3.242742614433614,148.0,0.6153846153846154,False
Lodhi Colony,Other,8,4939,617.375,3.6463492344488646,148.0,1.0,False
Lodhi Colony,Raw Meats,2,22,11.0,3.2516954279017636,148.0,0.15384615384615385,False
Lodhi Colony,South Indian,1,330,330.0,3.7419855692620247,148.0,0.9230769230769231,True
"Logix City Centre, Sector 32, Noida",Cafe,1,0,0.0,,9.818181818181818,0.09090909090909091,False
"Logix City Centre, Sector 32, Noida",Chinese,2,16,8.0,3.3132555478482364,9.818181818181818,0.5,False
"Logix City Centre, Sector 32, Noida",Continental,1,18,18.0,3.25690344403444,9.818181818181818,0.9090909090909091,True
"Logix City Centre, Sector 32, Noida",Desserts,4,36,9.0,3.3355636156322084,9.818181818181818,0.6818181818181818,False
"Logix City Centre, Sector 32, Noida",Fast Food,3,27,9.0,2.977796457240888,9.818181818181818,0.6818181818181818,False
"Logix City Centre, Sector 32, Noida",Ice Cream,3,1,0.3333333333333333,,9.818181818181818,0.18181818181818182,False
"Logix City Centre, Sector 32, Noida",Italian,1,7,7.0,3.257366620541205,9.818181818181818,0.36363636363636365,False
"Logix City Centre, Sector 32, Noida",North Indian,2,53,26.5,3.4317097879037997,9.818181818181818,1.0,True
"Logix City Centre, Sector 32, Noida",Other,11,117,10.636363636363637,3.328626613654731,9.818181818181818,0.8181818181818182,False
"Logix City Centre, Sector 32, Noida",Pizza,1,8,8.0,3.2037286096545174,9.818181818181818,0.5,False
"Logix City Centre, Sector 32, Noida",South Indian,1,6,6.0,3.291136922732863,9.818181818181818,0.2727272727272727,False
MG Road,Bakery,7,1149,164.14285714285714,3.749051002318585,115.0,0.8666666666666667,False
MG Road,Cafe,3,241,80.33333333333333,3.441723693829449,115.0,0.6,False
MG Road,Chinese,6,332,55.333333333333336,3.2999167034450836,115.0,0.5333333333333333,False
MG Road,Continental,2,184,92.0,3.1021169303324387,115.0,0.6666666666666666,False
MG Road,Desserts,1,656,656.0,4.14101068191533,115.0,1.0,True
MG Road,Fast Food,3,40,13.333333333333334,3.328879663796638,115.0,0.3333333333333333,False
MG Road,Ice Cream,1,1,1.0,,115.0,0.13333333333333333,False
MG Road,Italian,2,473,236.5,3.596602158359734,115.0,0.9333333333333333,True
MG Road,Mithai,3,1,0.3333333333333333,,115.0,0.06666666666666667,False
MG Road,Mughlai,5,665,133.0,3.7692052251404866,115.0,0.8,False
MG Road,North Indian,21,268,12.761904761904763,3.1807059470721235,115.0,0.26666666666666666,False
MG Road,Other,5,191,38.2,3.302015396020405,115.0,0.4,False
MG Road,Pizza,1,97,97.0,3.5165241832212843,115.0,0.7333333333333333,False
MG Road,Raw Meats,2,3,1.5,,115.0,0.2,False
MG Road,South Indian,1,45,45.0,3.087367348407526,115.0,0.4666666666666667,False
Mahipalpur,Bakery,3,4,1.3333333333333333,,4.425,0.45454545454545453,False
Mahipalpur,Cafe,1,0,0.0,,4.425,0.13636363636363635,False
Mahipalpur,Chinese,3,30,10.0,3.30707791918642,4.425,1.0,False
Mahipalpur,Fast Food,4,17,4.25,3.287209480707247,4.425,0.7272727272727273,False
Mahipalpur,Mithai,4,21,5.25,3.2542970603948462,4.425,0.9090909090909091,False
Mahipalpur,Mughlai,2,1,0.5,,4.425,0.2727272727272727,False
Mahipalpur,North Indian,45,207,4.6,3.297204678236665,4.425,0.8181818181818182,False
Mahipalpur,Other,4,6,1.5,3.30023205093162,4.425,0.5454545454545454,False
Mahipalpur,Pizza,1,2,2.0,,4.425,0.6363636363636364,False
Mahipalpur,South Indian,1,1,1.0,,4.425,0.36363636363636365,False
Mahipalpur,Street Food,1,0,0.0,,4.425,0.13636363636363635,False
Malviya Nagar,Bakery,3,315,105.0,3.457723688981725,191.75,0.3333333333333333,False
Malviya Nagar,Cafe,8,1601,200.125,3.6896134314342124,191.75,0.9333333333333333,False
Malviya Nagar,Chinese,9,1737,193.0,3.479982005311891,191.75,0.8666666666666667,False
Malviya Nagar,Continental,1,91,91.0,3.7079466482164816,191.75,0.26666666666666666,False
Malviya Nagar,Fast Food,4,764,191.0,3.399337333556206,191.75,0.7333333333333333,False
Malviya Nagar,Ice Cream,1,145,145.0,3.611920261599523,191.75,0.5333333333333333,False
Malviya Nagar,Italian,3,351,117.0,3.3833252264317983,191.75,0.4,False
Malviya Nagar,Mithai,2,159,79.5,3.545660501332366,191.75,0.2,False
Malviya Nagar,Mughlai,2,442,221.0,3.2752656642211013,191.75,1.0,True
Malviya Nagar,North Indian,28,4356,155.57142857142858,3.3286396673846634,191.75,0.6,False
Malviya Nagar,Other,17,2153,126.6470588235294,3.4474121974187506,191.75,0.4666666666666667,False
Malviya Nagar,Pizza,1,185,185.0,2.520139020300459,191.75,0.6666666666666666,False
Malviya Nagar,Raw Meats,1,52,52.0,3.4278468391119548,191.75,0.13333333333333333,False
Malviya Nagar,South Indian,2,385,192.5,3.4640821217258075,191.75,0.8,True
Malviya Nagar,Street Food,3,150,50.0,3.325658731169597,191.75,0.06666666666666667,False
Mayur Vihar Phase 1,Bakery,12,154,12.833333333333334,3.2728437230208107,35.638888888888886,0.16666666666666666,False
Mayur Vihar Phase 1,Cafe,3,121,40.333333333333336,3.2172096573754994,35.638888888888886,0.9166666666666666,False
Mayur Vihar Phase 1,Chinese,8,214,26.75,3.1676322074488885,35.638888888888886,0.6666666666666666,False
Mayur Vihar Phase 1,Desserts,1,20,20.0,3.1625004456566304,35.638888888888886,0.5833333333333334,False
Mayur Vihar Phase 1,Fast Food,9,338,37.55555555555556,3.3682503375189032,35.638888888888886,0.8333333333333334,False
Mayur Vihar Phase 1,Ice Cream,1,13,13.0,3.2985892056501207,35.638888888888886,0.25,False
Mayur Vihar Phase 1,Mithai,2,13,6.5,3.305732766940242,35.638888888888886,0.08333333333333333,False
Mayur Vihar Phase 1,North Indian,34,580,17.058823529411764,3.2050908959224516,35.638888888888886,0.4166666666666667,False
Mayur Vihar Phase 1,Other,6,266,44.333333333333336,3.2779282586312015,35.638888888888886,1.0,False
Mayur Vihar Phase 1,Raw Meats,2,35,17.5,3.275875181482979,35.638888888888886,0.5,False
Mayur Vihar Phase 1,South Indian,4,68,17.0,3.1662707564575645,35.638888888888886,0.3333333333333333,False
Mayur Vihar Phase 1,Street Food,2,70,35.0,3.429800614526613,35.638888888888886,0.75,False
Mayur Vihar Phase 3,Bakery,1,2,2.0,,20.0,0.2222222222222222,False
Mayur Vihar Phase 3,Chinese,3,65,21.666666666666668,3.2775436920872187,20.0,0.8888888888888888,False
Mayur Vihar Phase 3,Continental,2,2,1.0,,20.0,0.1111111111111111,False
Mayur Vihar Phase 3,Fast Food,2,103,51.5,3.3625968136929565,20.0,1.0,True
Mayur Vihar Phase 3,Mithai,1,11,11.0,3.231875512505125,20.0,0.5555555555555556,False
Mayur Vihar Phase 3,Mughlai,1,3,3.0,,20.0,0.3333333333333333,False
Mayur Vihar Phase 3,North Indian,17,148,8.705882352941176,3.272271758667796,20.0,0.4444444444444444,False
Mayur Vihar Phase 3,Other,3,60,20.0,3.137016253082051,20.0,0.7777777777777778,False
Mayur Vihar Phase 3,Pizza,2,29,14.5,3.109135009619327,20.0,0.6666666666666666,False
Moti Nagar,Bakery,3,46,15.333333333333334,3.309261352993905,18.833333333333332,0.65,False
Moti Nagar,Chinese,4,29,7.25,3.2084072220501065,18.833333333333332,0.3,False
Moti Nagar,Fast Food,5,60,12.0,3.39085875475232,18.833333333333332,0.4,False
Moti Nagar,Ice Cream,3,46,15.333333333333334,3.4190954168064405,18.833333333333332,0.65,False
Moti Nagar,Mithai,1,0,0.0,,18.833333333333332,0.1,False
Moti Nagar,Mughlai,1,4,4.0,3.324764731137877,18.833333333333332,0.2,False
Moti Nagar,North Indian,15,200,13.333333333333334,3.3304804059018247,18.833333333333332,0.5,False
Moti Nagar,Other,3,100,33.333333333333336,3.5176522347993755,18.833333333333332,1.0,False
Moti Nagar,South Indian,1,20,20.0,3.4233700108740215,18.833333333333332,0.8,True
Moti Nagar,Street Food,4,92,23.0,3.4778905145627945,18.833333333333332,0.9,False
Mukherjee Nagar,Bakery,2,6,3.0,3.309491310190879,5.083333333333333,0.5,False
Mukherjee Nagar,Chinese,6,26,4.333333333333333,3.288623582931957,5.083333333333333,0.75,False
Mukherjee Nagar,Fast Food,8,29,3.625,3.3176339687188143,5.083333333333333,0.5833333333333334,False
Mukherjee Nagar,Ice Cream,1,9,9.0,3.312285012936336,5.083333333333333,0.9166666666666666,True
Mukherjee Nagar,Italian,1,0,0.0,,5.083333333333333,0.08333333333333333,False
Mukherjee Nagar,Mithai,2,5,2.5,3.3187505694501387,5.083333333333333,0.2916666666666667,False
Mukherjee Nagar,Mughlai,2,5,2.5,3.324764731137877,5.083333333333333,0.2916666666666667,False
Mukherjee Nagar,North Indian,34,75,2.2058823529411766,3.317994893762658,5.083333333333333,0.16666666666666666,False
Mukherjee Nagar,Other,5,13,2.6,3.3184096500055906,5.083333333333333,0.4166666666666667,False
Mukherjee Nagar,Raw Meats,1,14,14.0,3.2954369960366265,5.083333333333333,1.0,True
Mukherjee Nagar,South Indian,3,22,7.333333333333333,3.2410421791717914,5.083333333333333,0.8333333333333334,False
Mukherjee Nagar,Street Food,3,12,4.0,3.3018447663984833,5.083333333333333,0.6666666666666666,False
Munirka,Bakery,5,27,5.4,3.455893296432964,11.65909090909091,0.4166666666666667,False
Munirka,Cafe,1,4,4.0,3.317217561326556,11.65909090909091,0.3333333333333333,False
Munirka,Chinese,11,183,16.636363636363637,3.3085945418795504,11.65909090909091,0.8333333333333334,False
Munirka,Continental,1,3,3.0,,11.65909090909091,0.25,False
Munirka,Fast Food,4,25,6.25,3.2816981377654613,11.65909090909091,0.5833333333333334,False
Munirka,Mithai,3,19,6.333333333333333,3.3386543192354994,11.65909090909091,0.6666666666666666,False
Munirka,Mughlai,1,0,0.0,,11.65909090909091,0.08333333333333333,False
Munirka,North Indian,8,261,32.625,3.166661001781936,11.65909090909091,1.0,False
Munirka,Other,5,108,21.6,3.2915381045542738,11.65909090909091,0.9166666666666666,False
Munirka,Raw Meats,1,10,10.0,3.2747886567848727,11.65909090909091,0.75,False
Munirka,South Indian,2,12,6.0,3.2428283729558602,11.65909090909091,0.5,False
Munirka,Street Food,1,1,1.0,,11.65909090909091,0.16666666666666666,False
Najafgarh,Bakery,4,2,0.5,,1.0,0.5,False
Najafgarh,Chinese,10,4,0.4,,1.0,0.4166666666666667,False
Najafgarh,Desserts,1,1,1.0,,1.0,0.8333333333333334,False
Najafgarh,Fast Food,4,0,0.0,,1.0,0.20833333333333334,False
Najafgarh,Mithai,8,6,0.75,,1.0,0.5833333333333334,False
Najafgarh,Mughlai,4,0,0.0,,1.0,0.20833333333333334,False
Najafgarh,North Indian,23,18,0.782608695652174,3.317217561326556,1.0,0.6666666666666666,False
Najafgarh,Other,1,0,0.0,,1.0,0.20833333333333334,False
Najafgarh,Pizza,1,1,1.0,,1.0,0.8333333333333334,False
Najafgarh,Raw Meats,1,0,0.0,,1.0,0.20833333333333334,False
Najafgarh,South Indian,1,2,2.0,,1.0,1.0,True
Najafgarh,Street Food,2,2,1.0,,1.0,0.8333333333333334,False
Nangloi,Bakery,3,0,0.0,,0.0,0.45,False
Nangloi,Chinese,3,0,0.0,,0.0,0.45,False
Nangloi,Fast Food,3,0,0.0,,0.0,0.45,False
Nangloi,Italian,1,0,0.0,,0.0,0.45,False
Nangloi,Mithai,6,2,0.3333333333333333,,0.0,1.0,False
Nangloi,North Indian,18,4,0.2222222222222222,,0.0,0.9,False
Nangloi,Other,1,0,0.0,,0.0,0.45,False
Nangloi,Pizza,1,0,0.0,,0.0,0.45,False
Nangloi,South Indian,2,0,0.0,,0.0,0.45,False
Nangloi,Street Food,3,0,0.0,,0.0,0.45,False
Naraina,Bakery,2,4,2.0,3.324764731137877,11.0,0.23076923076923078,False
Naraina,Cafe,1,23,23.0,3.1112851493098264,11.0,1.0,True
Naraina,Chinese,11,48,4.363636363636363,3.215199099284322,11.0,0.38461538461538464,False
Naraina,Continental,1,15,15.0,3.2923832929735544,11.0,0.9230769230769231,True
Naraina,Desserts,4,44,11.0,3.2996935699825745,11.0,0.7692307692307693,False
Naraina,Fast Food,5,26,5.2,3.2772032218909755,11.0,0.46153846153846156,False
Naraina,Mithai,3,10,3.3333333333333335,3.301974223689605,11.0,0.3076923076923077,False
Naraina,Mughlai,1,0,0.0,,11.0,0.11538461538461539,False
Naraina,North Indian,17,148,8.705882352941176,3.289787732968073,11.0,0.6923076923076923,False
Naraina,Other,2,0,0.0,,11.0,0.11538461538461539,False
Naraina,Raw Meats,3,16,5.333333333333333,3.314038934620115,11.0,0.5384615384615384,False
Naraina,South Indian,3,23,7.666666666666667,3.291653241544981,11.0,0.6153846153846154,False
Naraina,Street Food,1,13,13.0,3.361492431456572,11.0,0.8461538461538461,True
Nehru Place,Cafe,2,51,25.5,3.2482171933440687,95.0,0.4,False
Nehru Place,Fast Food,1,177,177.0,3.624391728983661,95.0,0.9,True
Nehru Place,Ice Cream,1,9,9.0,3.3278022543156465,95.0,0.3,False
Nehru Place,Italian,1,103,103.0,3.519819281252023,95.0,0.8,True
Nehru Place,Mithai,1,4,4.0,3.317217561326556,95.0,0.2,False
Nehru Place,Mughlai,1,2,2.0,,95.0,0.1,False
Nehru Place,North Indian,17,459,27.0,3.249447770514703,95.0,0.5,False
Nehru Place,Other,4,1682,420.5,3.620960602166941,95.0,1.0,False
Nehru Place,Pizza,1,71,71.0,3.143437756252562,95.0,0.7,False
Nehru Place,South Indian,3,163,54.333333333333336,3.1943344277661834,95.0,0.6,False
Netaji Subhash Place,Bakery,1,13,13.0,3.3824601733920563,166.9375,0.08333333333333333,False
Netaji Subhash Place,Cafe,6,614,102.33333333333333,3.5225115423875724,166.9375,0.5833333333333334,False
Netaji Subhash Place,Chinese,2,150,75.0,3.5943856570918644,166.9375,0.3333333333333333,False
Netaji Subhash Place,Desserts,2,55,27.5,3.412818690397552,166.9375,0.25,False
Netaji Subhash Place,Fast Food,12,1771,147.58333333333334,3.5531063939877714,166.9375,0.6666666666666666,False
Netaji Subhash Place,Ice Cream,1,87,87.0,3.5103862555169667,166.9375,0.5,False
Netaji Subhash Place,Italian,1,211,211.0,3.3096635798088747,166.9375,0.8333333333333334,True
Netaji Subhash Place,North Indian,16,3585,224.0625,3.464910827788357,166.9375,0.9166666666666666,False
Netaji Subhash Place,Other,4,609,152.25,3.3599070956896515,166.9375,0.75,False
Netaji Subhash Place,Pizza,1,85,85.0,3.382183065300802,166.9375,0.4166666666666667,False
Netaji Subhash Place,South Indian,1,23,23.0,3.175174038198715,166.9375,0.16666666666666666,False
Netaji Subhash Place,Street Food,1,459,459.0,3.6663632495084797,166.9375,1.0,True
New Friends Colony,Bakery,7,157,22.428571428571427,3.3381574591284564,46.666666666666664,0.5454545454545454,False
New Friends Colony,Cafe,2,31,15.5,3.4065709070552237,46.666666666666664,0.36363636363636365,False
New Friends Colony,Chinese,3,396,132.0,3.7075767079738764,46.666666666666664,0.9090909090909091,False
New Friends Colony,Fast Food,3,176,58.666666666666664,3.356303514562134,46.666666666666664,0.8181818181818182,False
New Friends Colony,Italian,1,189,189.0,3.7870274401273423,46.666666666666664,1.0,True
New Friends Colony,Mithai,1,7,7.0,3.307366620541205,46.666666666666664,0.09090909090909091,False
New Friends Colony,North Indian,18,282,15.666666666666666,3.248905872156185,46.666666666666664,0.45454545454545453,False
New Friends Colony,Other,7,209,29.857142857142858,3.36759741565676,46.666666666666664,0.6363636363636364,False
New Friends Colony,Pizza,3,104,34.666666666666664,3.153726819820281,46.666666666666664,0.7272727272727273,False
New Friends Colony,Raw Meats,1,12,12.0,3.282172635250942,46.666666666666664,0.18181818181818182,False
New Friends Colony,South Indian,1,14,14.0,3.206548107147738,46.666666666666664,0.2727272727272727,False
Old Railway Road,Bakery,4,72,18.0,3.3241713162772655,17.0,0.8636363636363636,False
Old Railway Road,Chinese,1,16,16.0,3.2155773961585763,17.0,0.7272727272727273,False
Old Railway Road,Fast Food,5,67,13.4,3.297267511930336,17.0,0.5454545454545454,False
Old Railway Road,Ice Cream,1,18,18.0,3.418097473885186,17.0,0.8636363636363636,True
Old Railway Road,Mughlai,1,33,33.0,3.3708845213452134,17.0,1.0,True
Old Railway Road,North Indian,23,365,15.869565217391305,3.306689070264217,17.0,0.6363636363636364,False
Old Railway Road,Other,2,7,3.5,3.324764731137877,17.0,0.18181818181818182,False
Old Railway Road,Pizza,1,8,8.0,3.2879391359703063,17.0,0.45454545454545453,False
Old Railway Road,Raw Meats,1,5,5.0,3.309491310190879,17.0,0.36363636363636365,False
Old Railway Road,South Indian,1,3,3.0,,17.0,0.09090909090909091,False
Old Railway Road,Street Food,1,4,4.0,3.3096703915152355,17.0,0.2727272727272727,False
Paharganj,Cafe,5,97,19.4,3.25982497753062,27.5,0.6363636363636364,False
Paharganj,Chinese,4,68,17.0,3.312659217749786,27.5,0.5454545454545454,False
Paharganj,Continental,2,32,16.0,3.3030358916773244,27.5,0.45454545454545453,False
Paharganj,Fast Food,3,30,10.0,3.3154613780060203,27.5,0.36363636363636365,False
Paharganj,Italian,1,26,26.0,3.160167076670766,27.5,0.7272727272727273,False
Paharganj,Mughlai,1,6,6.0,3.323864195460136,27.5,0.09090909090909091,False
Paharganj,North Indian,36,1179,32.75,3.2625554640162466,27.5,0.9090909090909091,False
Paharganj,Other,3,21,7.0,3.304196050293836,27.5,0.2727272727272727,False
Paharganj,Pizza,1,29,29.0,3.2578529583372755,27.5,0.8181818181818182,True
Paharganj,South Indian,3,19,6.333333333333333,3.291674439279356,27.5,0.18181818181818182,False
Paharganj,Street Food,5,1359,271.8,3.5737145061724647,27.5,1.0,False
Palam,Bakery,2,3,1.5,,2.416666666666667,0.36363636363636365,False
Palam,Chinese,7,15,2.142857142857143,3.309491310190879,2.416666666666667,0.6363636363636364,False
Palam,Desserts,2,6,3.0,3.309491310190879,2.416666666666667,1.0,True
Palam,Fast Food,4,10,2.5,3.307366620541205,2.416666666666667,0.8181818181818182,False
Palam,Ice Cream,1,0,0.0,,2.416666666666667,0.09090909090909091,False
Palam,Mithai,7,14,2.0,3.291136922732863,2.416666666666667,0.5454545454545454,False
Palam,Mughlai,2,2,1.0,,2.416666666666667,0.22727272727272727,False
Palam,North Indian,22,43,1.9545454545454546,3.3069853557203617,2.416666666666667,0.45454545454545453,False
Palam,Other,1,1,1.0,,2.416666666666667,0.22727272727272727,False
Palam,Pizza,6,14,2.3333333333333335,3.25986896053171,2.416666666666667,0.7272727272727273,False
Palam,Street Food,6,17,2.8333333333333335,3.2917378093272456,2.416666666666667,0.9090909090909091,False
Palam Vihar,Bakery,7,28,4.0,3.322704036843625,11.25,0.5833333333333334,False
Palam Vihar,Cafe,1,15,15.0,3.3158207929735544,11.25,0.8333333333333334,True
Palam Vihar,Chinese,4,7,1.75,3.317217561326556,11.25,0.25,False
Palam Vihar,Continental,1,17,17.0,3.28655349621678,11.25,0.9166666666666666,True
Palam Vihar,Desserts,1,10,10.0,3.3256361144119913,11.25,0.75,False
Palam Vihar,Fast Food,2,19,9.5,3.225184275739816,11.25,0.6666666666666666,False
Palam Vihar,Ice Cream,2,38,19.0,3.28205090041768,11.25,1.0,True
Palam Vihar,Mithai,2,6,3.0,3.324764731137877,11.25,0.4166666666666667,False
Palam Vihar,North Indian,22,44,2.0,3.2924221024200757,11.25,0.3333333333333333,False
Palam Vihar,Other,1,1,1.0,,11.25,0.125,False
Palam Vihar,Pizza,1,1,1.0,,11.25,0.125,False
Palam Vihar,Street Food,5,19,3.8,3.2657332887984047,11.25,0.5,False
Paschim Vihar,Bakery,5,162,32.4,3.334680361328053,56.0,0.13333333333333333,False
Paschim Vihar,Cafe,1,40,40.0,3.328230682587724,56.0,0.23333333333333334,False
Paschim Vihar,Chinese,6,284,47.333333333333336,3.1360038991387658,56.0,0.4,False
Paschim Vihar,Desserts,1,92,92.0,3.252571140073103,56.0,1.0,True
Paschim Vihar,Fast Food,7,345,49.285714285714285,3.296306900955547,56.0,0.6,False
Paschim Vihar,Ice Cream,1,21,21.0,3.335893296432964,56.0,0.06666666666666667,False
Paschim Vihar,Italian,1,58,58.0,3.2150703808439953,56.0,0.8,True
Paschim Vihar,Mithai,1,46,46.0,3.3748687447400787,56.0,0.3333333333333333,False
Paschim Vihar,Mughlai,1,40,40.0,3.4630621432618813,56.0,0.23333333333333334,False
Paschim Vihar,North Indian,17,825,48.529411764705884,3.301115754824898,56.0,0.5333333333333333,False
Paschim Vihar,Other,3,162,54.0,3.057209556337016,56.0,0.7333333333333333,False
Paschim Vihar,Pizza,4,248,62.0,3.2624765894587293,56.0,0.9,False
Paschim Vihar,Raw Meats,1,51,51.0,3.3251253075030744,56.0,0.6666666666666666,False
Paschim Vihar,South Indian,5,237,47.4,3.2432480637976298,56.0,0.4666666666666667,False
Paschim Vihar,Street Food,2,124,62.0,3.2084340777883584,56.0,0.9,True
Pitampura,Bakery,8,315,39.375,3.418096503947487,61.8,0.4,False
Pitampura,Cafe,1,25,25.0,3.367736902031182,61.8,0.2,False
Pitampura,Chinese,13,371,28.53846153846154,3.240653595077346,61.8,0.26666666666666666,False
Pitampura,Continental,2,119,59.5,3.4323683824569207,61.8,0.6666666666666666,False
Pitampura,Desserts,2,27,13.5,3.2663855506798307,61.8,0.06666666666666667,False
Pitampura,Fast Food,7,227,32.42857142857143,3.3927139539199644,61.8,0.3333333333333333,False
Pitampura,Ice Cream,4,95,23.75,3.2713874950527178,61.8,0.13333333333333333,False
Pitampura,Mithai,3,122,40.666666666666664,3.4765103203346843,61.8,0.4666666666666667,False
Pitampura,Mughlai,2,103,51.5,3.519819281252023,61.8,0.6,False
Pitampura,North Indian,30,1818,60.6,3.243614483672359,61.8,0.7333333333333333,False
Pitampura,Other,2,140,70.0,3.489937015255569,61.8,0.9333333333333333,True
Pitampura,Pizza,3,141,47.0,3.0918376925896087,61.8,0.5333333333333333,False
Pitampura,Raw Meats,1,68,68.0,3.4958335961564746,61.8,0.8666666666666667,True
Pitampura,South Indian,3,226,75.33333333333333,3.0501767390766625,61.8,1.0,False
Pitampura,Street Food,4,252,63.0,3.340169401063984,61.8,0.8,False
Preet Vihar,Bakery,3,63,21.0,3.3903767055031655,45.75,0.42857142857142855,False
Preet Vihar,Cafe,1,100,100.0,3.5182049043644796,45.75,0.8571428571428571,True
Preet Vihar,Chinese,7,73,10.428571428571429,3.0558352593947378,45.75,0.2857142857142857,False
Preet Vihar,Desserts,1,5,5.0,3.3187505694501387,45.75,0.14285714285714285,False
Preet Vihar,Fast Food,5,146,29.2,3.462435725517049,45.75,0.5714285714285714,False
Preet Vihar,Ice Cream,3,53,17.666666666666668,3.274125307503075,45.75,0.35714285714285715,False
Preet Vihar,Mithai,2,12,6.0,3.3020460136419545,45.75,0.21428571428571427,False
Preet Vihar,Mughlai,2,84,42.0,2.8136280507541915,45.75,0.7142857142857143,False
Preet Vihar,North Indian,19,642,33.78947368421053,3.321066926802803,45.75,0.6428571428571429,False
Preet Vihar,Other,2,50,25.0,3.1279642345392524,45.75,0.5,False
Preet Vihar,Pizza,1,102,102.0,2.9788909321212413,45.75,0.9285714285714286,True
Preet Vihar,Raw Meats,1,4,4.0,3.324764731137877,45.75,0.07142857142857142,False
Preet Vihar,South Indian,1,121,121.0,3.314779592648867,45.75,1.0,True
Preet Vihar,Street Food,1,47,47.0,3.326172195315703,45.75,0.7857142857142857,True
Punjabi Bagh,Bakery,7,436,62.285714285714285,3.5095336741906737,80.75,0.5384615384615384,False
Punjabi Bagh,Cafe,2,68,34.0,3.4143418425907686,80.75,0.23076923076923078,False
Punjabi Bagh,Chinese,8,564,70.5,3.347499735102512,80.75,0.6153846153846154,False
Punjabi Bagh,Continental,2,187,93.5,3.4302075414417335,80.75,0.8461538461538461,True
Punjabi Bagh,Desserts,2,69,34.5,3.3338526912731243,80.75,0.3076923076923077,False
Punjabi Bagh,Fast Food,6,453,75.5,3.499733348088991,80.75,0.6923076923076923,False
Punjabi Bagh,Ice Cream,1,37,37.0,3.372238729654738,80.75,0.38461538461538464,False
Punjabi Bagh,North Indian,22,2231,101.4090909090909,3.3998889691983063,80.75,0.9230769230769231,False
Punjabi Bagh,Other,4,323,80.75,3.2814258027176284,80.75,0.7692307692307693,False
Punjabi Bagh,Pizza,2,122,61.0,3.23499088141213,80.75,0.46153846153846156,False
Punjabi Bagh,Raw Meats,1,15,15.0,3.2923832929735544,80.75,0.07692307692307693,False
Punjabi Bagh,South Indian,1,111,111.0,3.3850783171894214,80.75,1.0,True
Punjabi Bagh,Street Food,2,54,27.0,3.3758827633052446,80.75,0.15384615384615385,False
R K Puram,Bakery,2,193,96.5,3.7888947551665595,83.04166666666667,0.8,True
R K Puram,Chinese,4,6,1.5,3.3280098287093978,83.04166666666667,0.4,False
R K Puram,Fast Food,1,0,0.0,,83.04166666666667,0.15,False
R K Puram,Mithai,1,17,17.0,3.1320080416713254,83.04166666666667,0.6,False
R K Puram,Mughlai,1,629,629.0,3.674797242994554,83.04166666666667,1.0,True
R K Puram,North Indian,21,896,42.666666666666664,3.222710656059842,83.04166666666667,0.7,False
R K Puram,Other,2,0,0.0,,83.04166666666667,0.15,False
R K Puram,Pizza,1,1,1.0,,83.04166666666667,0.3,False
R K Puram,Raw Meats,1,10,10.0,3.2917378093272456,83.04166666666667,0.5,False
R K Puram,South Indian,4,1030,257.5,3.8369063428731964,83.04166666666667,0.9,False
Rajinder Nagar,Bakery,3,581,193.66666666666666,3.770224336140314,75.39285714285714,1.0,False
Rajinder Nagar,Cafe,5,802,160.4,3.4139290512139615,75.39285714285714,0.9375,False
Rajinder Nagar,Chinese,7,510,72.85714285714286,3.111622590138712,75.39285714285714,0.75,False
Rajinder Nagar,Continental,1,39,39.0,3.417187849435312,75.39285714285714,0.4375,False
Rajinder Nagar,Desserts,1,83,83.0,3.50767068750233,75.39285714285714,0.8125,True
Rajinder Nagar,Fast Food,6,181,30.166666666666668,3.3042450341584657,75.39285714285714,0.375,False
Rajinder Nagar,Ice Cream,4,89,22.25,3.3041012145164363,75.39285714285714,0.1875,False
Rajinder Nagar,Italian,2,88,44.0,3.3960600673143615,75.39285714285714,0.5,False
Rajinder Nagar,Mithai,3,85,28.333333333333332,3.087063771791961,75.39285714285714,0.25,False
Rajinder Nagar,Mughlai,3,37,12.333333333333334,3.328321698338838,75.39285714285714,0.0625,False
Rajinder Nagar,North Indian,27,1737,64.33333333333333,3.2215226498223988,75.39285714285714,0.625,False
Rajinder Nagar,Other,6,431,71.83333333333333,3.207417877493647,75.39285714285714,0.6875,False
Rajinder Nagar,Pizza,1,119,119.0,3.0316222068470684,75.39285714285714,0.875,True
Rajinder Nagar,Raw Meats,5,83,16.6,3.236960541829813,75.39285714285714,0.125,False
Rajinder Nagar,South Indian,4,220,55.0,3.111736212932669,75.39285714285714,0.5625,False
Rajinder Nagar,Street Food,3,86,28.666666666666668,3.347151500518911,75.39285714285714,0.3125,False
Rajouri Garden,Bakery,9,928,103.11111111111111,3.537147520319828,290.82142857142856,0.4375,False
Rajouri Garden,Cafe,3,143,47.666666666666664,3.5256623274566077,290.82142857142856,0.3125,False
Rajouri Garden,Chinese,7,1984,283.42857142857144,3.359180178734146,290.82142857142856,0.75,False
Rajouri Garden,Continental,15,5387,359.1333333333333,3.757881753500049,290.82142857142856,0.875,False
Rajouri Garden,Desserts,1,21,21.0,3.395893296432964,290.82142857142856,0.25,False
Rajouri Garden,Fast Food,3,206,68.66666666666667,3.4086615854470357,290.82142857142856,0.375,False
Rajouri Garden,Ice Cream,5,704,140.8,3.776586772037544,290.82142857142856,0.5625,False
Rajouri Garden,Italian,1,313,313.0,3.4798688694759874,290.82142857142856,0.8125,True
Rajouri Garden,Mithai,2,14,7.0,3.2868755125051248,290.82142857142856,0.0625,False
Rajouri Garden,Mughlai,2,271,135.5,3.2446867578301295,290.82142857142856,0.5,False
Rajouri Garden,North Indian,38,10517,276.7631578947368,3.6078809627332684,290.82142857142856,0.6875,False
Rajouri Garden,Other,9,4569,507.6666666666667,3.8389794025590365,290.82142857142856,1.0,False
Rajouri Garden,Pizza,1,194,194.0,3.470010414610319,290.82142857142856,0.625,False
Rajouri Garden,Raw Meats,1,14,14.0,3.2954369960366265,290.82142857142856,0.15625,False
Rajouri Garden,South Indian,1,14,14.0,3.2732147738144044,290.82142857142856,0.15625,False
Rajouri Garden,Street Food,1,413,413.0,3.7524080752171156,290.82142857142856,0.9375,True
Rohini,Bakery,5,579,115.8,3.4699139709517604,115.8,0.7777777777777778,False
Rohini,Chinese,2,271,135.5,3.084628633582792,115.8,1.0,True
Rohini,Fast Food,8,525,65.625,3.3118828544412295,115.8,0.2222222222222222,False
Rohini,North Indian,21,2075,98.80952380952381,3.316643569136754,115.8,0.5555555555555556,False
Rohini,Other,4,280,70.0,3.38954805597673,115.8,0.4444444444444444,False
Rohini,Pizza,2,205,102.5,3.3884053083912473,115.8,0.6666666666666666,False
Rohini,Raw Meats,1,59,59.0,3.377893803243588,115.8,0.1111111111111111,False
Rohini,South Indian,2,137,68.5,3.437788605286336,115.8,0.3333333333333333,False
Rohini,Street Food,3,383,127.66666666666667,3.512014201196699,115.8,0.8888888888888888,False
Safdarjung,Bakery,4,43,10.75,3.332377164210238,63.641666666666666,0.25,False
Safdarjung,Cafe,7,271,38.714285714285715,3.328756996645409,63.641666666666666,0.6666666666666666,False
Safdarjung,Chinese,13,466,35.84615384615385,3.303743526063239,63.641666666666666,0.5833333333333334,False
Safdarjung,Continental,2,51,25.5,3.4756380688806887,63.641666666666666,0.4166666666666667,False
Safdarjung,Fast Food,6,235,39.166666666666664,3.365828310080663,63.641666666666666,0.75,False
Safdarjung,Ice Cream,1,9,9.0,3.281250530177715,63.641666666666666,0.16666666666666666,False
Safdarjung,Mithai,1,12,12.0,3.2034841106607788,63.641666666666666,0.3333333333333333,False
Safdarjung,Mughlai,2,15,7.5,3.361492431456572,63.641666666666666,0.08333333333333333,False
Safdarjung,North Indian,24,4921,205.04166666666666,3.2958978996654453,63.641666666666666,1.0,False
Safdarjung,Other,15,2056,137.06666666666666,3.4964047625202106,63.641666666666666,0.8333333333333334,False
Safdarjung,Pizza,4,728,182.0,3.6002723027811236,63.641666666666666,0.9166666666666666,False
Safdarjung,Raw Meats,1,30,30.0,3.3318041867127524,63.641666666666666,0.5,False
Sainik Farms,Bakery,5,15,3.0,3.3018447663984833,6.5,0.6,False
Sainik Farms,Chinese,1,0,0.0,,6.5,0.1,False
Sainik Farms,Desserts,1,1,1.0,,6.5,0.35,False
Sainik Farms,Fast Food,3,22,7.333333333333333,3.2355949216834823,6.5,0.8,False
Sainik Farms,Mithai,4,35,8.75,3.209866170456576,6.5,0.9,False
Sainik Farms,North Indian,14,23,1.6428571428571428,3.278789161660242,6.5,0.5,False
Sainik Farms,Other,4,2,0.5,,6.5,0.2,False
Sainik Farms,Pizza,1,4,4.0,3.3021232217039147,6.5,0.7,False
Sainik Farms,Raw Meats,1,1,1.0,,6.5,0.35,False
Sainik Farms,Street Food,1,17,17.0,3.183523193186477,6.5,1.0,True
Saket,Bakery,2,91,45.5,3.456695430722942,128.25,0.4166666666666667,False
Saket,Cafe,3,2040,680.0,3.971509501584826,128.25,1.0,False
Saket,Chinese,3,329,109.66666666666667,3.4970406824235987,128.25,0.75,False
Saket,Continental,1,184,184.0,3.5476932650227786,128.25,0.8333333333333334,True
Saket,Fast Food,4,99,24.75,3.2392206185642882,128.25,0.16666666666666666,False
Saket,Ice Cream,1,92,92.0,3.905053409576649,128.25,0.6666666666666666,False
Saket,Italian,1,237,237.0,3.143050806819257,128.25,0.9166666666666666,True
Saket,North Indian,14,562,40.142857142857146,3.225841994636954,128.25,0.3333333333333333,False
Saket,Other,3,150,50.0,3.3570799634549418,128.25,0.5,False
Saket,Pizza,2,57,28.5,3.3213549335763783,128.25,0.25,False
Saket,South Indian,1,15,15.0,3.3158207929735544,128.25,0.08333333333333333,False
Saket,Street Food,1,66,66.0,3.4940220065244127,128.25,0.5833333333333334,False
Satyaniketan,Bakery,3,220,73.33333333333333,3.3200399541227377,188.47916666666666,0.5,False
Satyaniketan,Cafe,31,11031,355.83870967741933,3.6843033920849466,188.47916666666666,0.9166666666666666,False
Satyaniketan,Chinese,10,840,84.0,3.3943625577761223,188.47916666666666,0.5833333333333334,False
Satyaniketan,Continental,2,29,14.5,3.377296894607203,188.47916666666666,0.08333333333333333,False
Satyaniketan,Desserts,3,90,30.0,3.4507672275773493,188.47916666666666,0.3333333333333333,False
Satyaniketan,Fast Food,8,762,95.25,3.4374471626715857,188.47916666666666,0.6666666666666666,False
Satyaniketan,Ice Cream,1,27,27.0,3.404112246714572,188.47916666666666,0.25,False
Satyaniketan,Italian,2,1430,715.0,3.248165008172026,188.47916666666666,1.0,True
Satyaniketan,Mughlai,1,20,20.0,3.220471460149384,188.47916666666666,0.16666666666666666,False
Satyaniketan,North Indian,11,611,55.54545454545455,3.353277908077301,188.47916666666666,0.4166666666666667,False
Satyaniketan,Other,4,691,172.75,3.837664913558054,188.47916666666666,0.75,False
Satyaniketan,Street Food,3,707,235.66666666666666,3.695893764171025,188.47916666666666,0.8333333333333334,False
Sector 110,Bakery,3,65,21.666666666666668,2.8161833102706026,38.44565217391305,0.45454545454545453,False
Sector 110,Cafe,3,46,15.333333333333334,3.3154607029941263,38.44565217391305,0.36363636363636365,False
Sector 110,Chinese,7,157,22.428571428571427,3.347779226812449,38.44565217391305,0.5454545454545454,False
Sector 110,Fast Food,4,121,30.25,3.5236646575080615,38.44565217391305,0.6363636363636364,False
Sector 110,Italian,2,94,47.0,2.660227487764388,38.44565217391305,0.9090909090909091,True
Sector 110,Mithai,3,42,14.0,3.1285901851326203,38.44565217391305,0.2727272727272727,False
Sector 110,Mughlai,2,8,4.0,3.3160093114089033,38.44565217391305,0.09090909090909091,False
Sector 110,North Indian,23,1067,46.391304347826086,3.3129784714183295,38.44565217391305,0.8181818181818182,False
Sector 110,Other,4,122,30.5,3.1076996948239315,38.44565217391305,0.7272727272727273,False
Sector 110,Pizza,1,84,84.0,2.560996471806823,38.44565217391305,1.0,True
Sector 110,Raw Meats,1,7,7.0,3.2948666205412054,38.44565217391305,0.18181818181818182,False
Sector 12,Bakery,2,12,6.0,3.306808594995672,8.722222222222221,0.42857142857142855,False
Sector 12,Chinese,1,1182,1182.0,3.686119033915766,8.722222222222221,1.0,True
Sector 12,Fast Food,4,36,9.0,3.23121068275836,8.722222222222221,0.8571428571428571,False
Sector 12,Ice Cream,1,2,2.0,,8.722222222222221,0.2857142857142857,False
Sector 12,Mithai,3,19,6.333333333333333,3.1048832929735544,8.722222222222221,0.5714285714285714,False
Sector 12,North Indian,18,152,8.444444444444445,3.2394570050227967,8.722222222222221,0.7142857142857143,False
Sector 12,Other,1,1,1.0,,8.722222222222221,0.14285714285714285,False
Sector 132,Bakery,4,12,3.0,3.3020460136419545,6.222222222222222,0.4,False
Sector 132,Cafe,5,4,0.8,,6.222222222222222,0.2,False
Sector 132,Chinese,2,1,0.5,,6.222222222222222,0.1,False
Sector 132,Continental,2,111,55.5,3.935111660829984,6.222222222222222,1.0,True
Sector 132,Fast Food,3,21,7.0,3.3090078051515808,6.222222222222222,0.8,False
Sector 132,Mithai,1,1,1.0,,6.222222222222222,0.3,False
Sector 132,North Indian,18,70,3.888888888888889,3.2891192298665644,6.222222222222222,0.7,False
Sector 132,Other,4,14,3.5,3.1937504959727017,6.222222222222222,0.55,False
Sector 132,Pizza,2,30,15.0,3.048849088819835,6.222222222222222,0.9,True
Sector 132,South Indian,2,7,3.5,3.324764731137877,6.222222222222222,0.55,False
Sector 14,Bakery,6,101,16.833333333333332,3.2971570181974656,31.0,0.46153846153846156,False
Sector 14,Cafe,1,34,34.0,3.125452177714548,31.0,0.9230769230769231,True
Sector 14,Chinese,4,36,9.0,3.2123541281118837,31.0,0.2692307692307692,False
Sector 14,Fast Food,1,20,20.0,3.2784424746421372,31.0,0.5384615384615384,False
Sector 14,Ice Cream,2,62,31.0,3.3321295492366687,31.0,0.7692307692307693,False
Sector 14,Mithai,1,26,26.0,3.194833743337433,31.0,0.6923076923076923,False
Sector 14,Mughlai,1,2,2.0,,31.0,0.07692307692307693,False
Sector 14,North Indian,21,334,15.904761904761905,3.259648899283742,31.0,0.38461538461538464,False
Sector 14,Other,7,170,24.285714285714285,3.214011124455748,31.0,0.6153846153846154,False
Sector 14,Pizza,1,32,32.0,3.4100312438309563,31.0,0.8461538461538461,True
Sector 14,Raw Meats,1,9,9.0,3.2657332887984047,31.0,0.2692307692307692,False
Sector 14,South Indian,4,163,40.75,3.3608223066606597,31.0,1.0,False
Sector 14,Street Food,2,8,4.0,3.3187505694501387,31.0,0.15384615384615385,False
Sector 15,Bakery,16,410,25.625,3.358020410471457,70.0,0.3076923076923077,False
Sector 15,Cafe,4,371,92.75,3.5258529252362276,70.0,0.8461538461538461,False
Sector 15,Chinese,5,88,17.6,3.202837713369211,70.0,0.23076923076923078,False
Sector 15,Continental,1,28,28.0,3.405357542211785,70.0,0.38461538461538464,False
Sector 15,Fast Food,8,235,29.375,3.3700364540497443,70.0,0.46153846153846156,False
Sector 15,Ice Cream,1,70,70.0,3.4975842920193903,70.0,0.7692307692307693,False
Sector 15,Italian,1,799,799.0,4.43362326739423,70.0,1.0,True
Sector 15,Mughlai,3,7,2.3333333333333335,3.324764731137877,70.0,0.07692307692307693,False
Sector 15,North Indian,22,782,35.54545454545455,3.3116892318235243,70.0,0.5384615384615384,False
Sector 15,Other,5,226,45.2,3.4154824669555888,70.0,0.6153846153846154,False
Sector 15,Pizza,2,35,17.5,3.079911080360803,70.0,0.15384615384615385,False
Sector 15,Raw Meats,2,311,155.5,3.528484518937609,70.0,0.9230769230769231,True
Sector 15,South Indian,1,57,57.0,3.3237031202859195,70.0,0.6923076923076923,False
Sector 17,Bakery,1,0,0.0,,21.25,0.14285714285714285,False
Sector 17,Cafe,3,19,6.333333333333333,3.364366130601604,21.25,0.42857142857142855,False
Sector 17,Chinese,5,105,21.0,3.2591064959012903,21.25,0.7142857142857143,False
Sector 17,Mithai,2,43,21.5,3.2823614527811946,21.25,0.8571428571428571,True
Sector 17,North Indian,16,163,10.1875,3.068986759769401,21.25,0.5714285714285714,False
Sector 17,Other,3,257,85.66666666666667,3.3921722319682215,21.25,1.0,False
Sector 17,Raw Meats,1,2,2.0,,21.25,0.2857142857142857,False
Sector 18,Bakery,6,1530,255.0,3.5749974489281393,340.375,0.5,False
Sector 18,Cafe,3,747,249.0,3.669469684792879,340.375,0.42857142857142855,False
Sector 18,Chinese,4,1559,389.75,3.386896417633149,340.375,0.8571428571428571,False
Sector 18,Continental,2,572,286.0,3.5185535369989775,340.375,0.7142857142857143,False
Sector 18,Desserts,1,235,235.0,4.053565249120801,340.375,0.35714285714285715,False
Sector 18,Fast Food,8,2056,257.0,3.3712046114083956,340.375,0.5714285714285714,False
Sector 18,Italian,2,717,358.5,3.3939496659250636,340.375,0.7857142857142857,True
Sector 18,Mithai,1,36,36.0,3.3295591852977346,340.375,0.07142857142857142,False
Sector 18,Mughlai,2,1149,574.5,3.4444345393370317,340.375,1.0,True
Sector 18,North Indian,32,8639,269.96875,3.3178864705483893,340.375,0.6428571428571429,False
Sector 18,Other,8,3649,456.125,3.3948567320282463,340.375,0.9285714285714286,False
Sector 18,Pizza,3,691,230.33333333333334,3.440283067600541,340.375,0.2857142857142857,False
Sector 18,South Indian,2,338,169.0,3.272789506513303,340.375,0.14285714285714285,False
Sector 18,Street Food,1,204,204.0,3.793725417985405,340.375,0.21428571428571427,False
Sector 29,Bakery,2,37,18.5,3.372238729654738,547.7738095238095,0.1,False
Sector 29,Cafe,2,272,136.0,3.646265819969521,547.7738095238095,0.3,False
Sector 29,Chinese,6,2668,444.6666666666667,3.5927815767498346,547.7738095238095,0.7,False
Sector 29,Continental,7,4168,595.4285714285714,3.956578911658491,547.7738095238095,0.9,False
Sector 29,Fast Food,2,196,98.0,3.390702952973057,547.7738095238095,0.2,False
Sector 29,Mithai,1,966,966.0,3.7783374687195144,547.7738095238095,1.0,True
Sector 29,North Indian,14,8150,582.1428571428571,3.7355803799865774,547.7738095238095,0.8,False
Sector 29,Other,11,4325,393.1818181818182,3.900577183491929,547.7738095238095,0.6,False
Sector 29,Pizza,1,146,146.0,3.5375001576938843,547.7738095238095,0.4,False
Sector 29,South Indian,1,235,235.0,2.8123680660222092,547.7738095238095,0.5,False
Sector 31,Bakery,6,325,54.166666666666664,3.431624884975301,39.83571428571429,0.9166666666666666,False
Sector 31,Cafe,1,23,23.0,3.2710073715320482,39.83571428571429,0.6666666666666666,False
Sector 31,Chinese,5,50,10.0,3.2452384021222676,39.83571428571429,0.4166666666666667,False
Sector 31,Desserts,2,7,3.5,3.319866620541205,39.83571428571429,0.25,False
Sector 31,Fast Food,5,187,37.4,3.3629736883847507,39.83571428571429,0.75,False
Sector 31,Ice Cream,1,0,0.0,,39.83571428571429,0.08333333333333333,False
Sector 31,Italian,1,1,1.0,,39.83571428571429,0.16666666666666666,False
Sector 31,North Indian,21,990,47.142857142857146,3.277628426711162,39.83571428571429,0.8333333333333334,False
Sector 31,Other,6,774,129.0,3.6054180323263707,39.83571428571429,1.0,False
Sector 31,Pizza,1,22,22.0,3.3973595880325,39.83571428571429,0.5833333333333334,False
Sector 31,Raw Meats,2,23,11.5,3.3038610044864813,39.83571428571429,0.5,False
Sector 31,Street Food,1,5,5.0,3.3280098287093978,39.83571428571429,0.3333333333333333,False
Sector 37,Bakery,4,34,8.5,3.2882518123588094,59.25,0.16666666666666666,False
Sector 37,Cafe,2,148,74.0,3.5607461261702653,59.25,0.9166666666666666,True
Sector 37,Chinese,5,167,33.4,3.5718034344007723,59.25,0.5833333333333334,False
Sector 37,Continental,2,114,57.0,3.523828317189422,59.25,0.75,False
Sector 37,Desserts,1,66,66.0,3.666195919567891,59.25,0.8333333333333334,True
Sector 37,Fast Food,8,1872,234.0,3.617805062994516,59.25,1.0,False
Sector 37,Italian,1,27,27.0,3.404112246714572,59.25,0.5,False
Sector 37,Mithai,2,1,0.5,,59.25,0.08333333333333333,False
Sector 37,North Indian,16,558,34.875,3.283407409547728,59.25,0.6666666666666666,False
Sector 37,Other,2,26,13.0,3.4721670766707664,59.25,0.25,False
Sector 37,Pizza,1,15,15.0,3.3626957929735544,59.25,0.3333333333333333,False
Sector 37,Raw Meats,1,18,18.0,3.283769115676231,59.25,0.4166666666666667,False
Sector 41,Bakery,1,117,117.0,3.3856176551223345,29.0,1.0,True
Sector 41,Cafe,2,66,33.0,3.401858182046234,29.0,0.8461538461538461,True
Sector 41,Chinese,1,22,22.0,3.211444095074753,29.0,0.6923076923076923,False
Sector 41,Continental,1,29,29.0,3.4065709070552237,29.0,0.7692307692307693,False
Sector 41,Fast Food,5,91,18.2,3.294483090242017,29.0,0.5384615384615384,False
Sector 41,Ice Cream,1,12,12.0,3.3411890286935653,29.0,0.3076923076923077,False
Sector 41,Italian,1,0,0.0,,29.0,0.07692307692307693,False
Sector 41,Mughlai,1,5,5.0,3.337269087968657,29.0,0.15384615384615385,False
Sector 41,North Indian,20,761,38.05,3.262219373739062,29.0,0.9230769230769231,False
Sector 41,Other,10,148,14.8,3.426310468259177,29.0,0.46153846153846156,False
Sector 41,Pizza,2,27,13.5,3.3335004100040995,29.0,0.38461538461538464,False
Sector 41,Raw Meats,2,41,20.5,3.210336982774713,29.0,0.6153846153846154,False
Sector 41,South Indian,1,10,10.0,3.2578395042424995,29.0,0.23076923076923078,False
Sector 45,Bakery,4,50,12.5,3.2848957836490276,22.166666666666664,0.6363636363636364,False
Sector 45,Cafe,1,24,24.0,3.3015415171274998,22.166666666666664,0.8181818181818182,True
Sector 45,Chinese,5,156,31.2,3.054728639006405,22.166666666666664,0.9090909090909091,False
Sector 45,Ice Cream,2,2,1.0,,22.166666666666664,0.3181818181818182,False
Sector 45,Mithai,3,61,20.333333333333332,3.3002550811974474,22.166666666666664,0.7272727272727273,False
Sector 45,Mughlai,2,18,9.0,3.310634787318022,22.166666666666664,0.5454545454545454,False
Sector 45,North Indian,17,852,50.11764705882353,3.321654150511884,22.166666666666664,1.0,False
Sector 45,Other,3,4,1.3333333333333333,,22.166666666666664,0.45454545454545453,False
Sector 45,Raw Meats,1,0,0.0,,22.166666666666664,0.13636363636363635,False
Sector 45,South Indian,1,1,1.0,,22.166666666666664,0.3181818181818182,False
Sector 45,Street Food,1,0,0.0,,22.166666666666664,0.13636363636363635,False
Sector 50,Bakery,3,11,3.6666666666666665,3.2868755125051248,141.125,0.07142857142857142,False
Sector 50,Cafe,2,245,122.5,3.260884311166829,141.125,0.7142857142857143,False
Sector 50,Chinese,3,442,147.33333333333334,2.7673509296486984,141.125,0.7857142857142857,False
Sector 50,Continental,1,17,17.0,3.3380686477319315,141.125,0.2857142857142857,False
Sector 50,Desserts,2,534,267.0,3.6997162783541713,141.125,1.0,True
Sector 50,Fast Food,2,189,94.5,3.294820844420462,141.125,0.42857142857142855,False
Sector 50,Italian,2,320,160.0,2.6599287306217656,141.125,0.8571428571428571,True
Sector 50,Mithai,1,69,69.0,3.4967163622907416,141.125,0.35714285714285715,False
Sector 50,Mughlai,1,12,12.0,3.144467717218155,141.125,0.14285714285714285,False
Sector 50,North Indian,13,1414,108.76923076923077,3.0782980759607903,141.125,0.5714285714285714,False
Sector 50,Other,3,291,97.0,3.292637843282638,141.125,0.5,False
Sector 50,Pizza,1,161,161.0,2.621964432144321,141.125,0.9285714285714286,True
Sector 50,Raw Meats,2,29,14.5,3.3693914198757366,141.125,0.21428571428571427,False
Sector 50,South Indian,1,113,113.0,2.966744016977206,141.125,0.6428571428571429,False
Sector 56,Bakery,5,28,5.6,3.299234388524441,15.166666666666666,0.6153846153846154,False
Sector 56,Cafe,1,0,0.0,,15.166666666666666,0.19230769230769232,False
Sector 56,Chinese,12,182,15.166666666666666,3.1951846161837216,15.166666666666666,0.7692307692307693,False
Sector 56,Continental,1,46,46.0,3.5685529552663944,15.166666666666666,1.0,True
Sector 56,Desserts,1,4,4.0,3.324764731137877,15.166666666666666,0.5,False
Sector 56,Fast Food,4,24,6.0,3.3261066987623,15.166666666666666,0.6923076923076923,False
Sector 56,Ice Cream,2,7,3.5,3.332366620541205,15.166666666666666,0.38461538461538464,False
Sector 56,Mithai,1,0,0.0,,15.166666666666666,0.19230769230769232,False
Sector 56,Mughlai,1,0,0.0,,15.166666666666666,0.19230769230769232,False
Sector 56,North Indian,26,457,17.576923076923077,3.246210846387943,15.166666666666666,0.8461538461538461,False
Sector 56,Other,3,53,17.666666666666668,3.379031541870442,15.166666666666666,0.9230769230769231,False
Sector 56,Raw Meats,1,4,4.0,3.317217561326556,15.166666666666666,0.5,False
Sector 56,South Indian,1,0,0.0,,15.166666666666666,0.19230769230769232,False
Sector 62,Bakery,8,105,13.125,3.2325572932614066,34.42857142857143,0.38461538461538464,False
Sector 62,Cafe,7,241,34.42857142857143,3.3122210379872867,34.42857142857143,0.7692307692307693,False
Sector 62,Chinese,14,221,15.785714285714286,3.345977903272382,34.42857142857143,0.46153846153846156,False
Sector 62,Continental,1,33,33.0,3.290396716467164,34.42857142857143,0.6923076923076923,False
Sector 62,Fast Food,7,830,118.57142857142857,3.4471662542651793,34.42857142857143,0.9230769230769231,False
Sector 62,Italian,1,147,147.0,3.162819034440344,34.42857142857143,1.0,True
Sector 62,Mughlai,1,2,2.0,,34.42857142857143,0.07692307692307693,False
Sector 62,North Indian,25,683,27.32,3.2151967022460957,34.42857142857143,0.6153846153846154,False
Sector 62,Other,5,136,27.2,3.08892921397462,34.42857142857143,0.5384615384615384,False
Sector 62,Pizza,1,118,118.0,2.820434315870105,34.42857142857143,0.8461538461538461,True
Sector 62,Raw Meats,2,18,9.0,3.28655349621678,34.42857142857143,0.3076923076923077,False
Sector 62,South Indian,3,22,7.333333333333333,3.3197451719525874,34.42857142857143,0.23076923076923078,False
Sector 62,Street Food,1,3,3.0,,34.42857142857143,0.15384615384615385,False
Sector 72,Bakery,6,7,1.1666666666666667,3.3021232217039147,5.0,0.15384615384615385,False
Sector 72,Cafe,2,54,27.0,3.529125307503075,5.0,1.0,True
Sector 72,Chinese,4,10,2.5,3.2747886567848727,5.0,0.5,False
Sector 72,Desserts,2,11,5.5,3.3086869618696184,5.0,0.8461538461538461,True
Sector 72,Fast Food,6,25,4.166666666666667,3.328599170051234,5.0,0.6923076923076923,False
Sector 72,Italian,1,0,0.0,,5.0,0.07692307692307693,False
Sector 72,Mithai,3,15,5.0,3.2470465369158408,5.0,0.7692307692307693,False
Sector 72,Mughlai,2,3,1.5,,5.0,0.23076923076923078,False
Sector 72,North Indian,25,252,10.08,3.2904365710066816,5.0,0.9230769230769231,False
Sector 72,Other,4,10,2.5,3.320540878393346,5.0,0.5,False
Sector 72,Pizza,1,2,2.0,,5.0,0.38461538461538464,False
Sector 72,Raw Meats,3,5,1.6666666666666667,,5.0,0.3076923076923077,False
Sector 72,Street Food,2,8,4.0,3.3160093114089033,5.0,0.6153846153846154,False
Shahdara,Bakery,6,20,3.3333333333333335,3.3843258849255156,8.516666666666666,0.2727272727272727,False
Shahdara,Chinese,10,67,6.7,3.3003092264109775,8.516666666666666,0.6363636363636364,False
Shahdara,Fast Food,4,26,6.5,3.2467619952178115,8.516666666666666,0.5454545454545454,False
Shahdara,Ice Cream,2,12,6.0,3.3166134363677298,8.516666666666666,0.45454545454545453,False
Shahdara,Mithai,13,48,3.6923076923076925,3.3259029073735054,8.516666666666666,0.36363636363636365,False
Shahdara,Mughlai,3,2,0.6666666666666666,,8.516666666666666,0.09090909090909091,False
Shahdara,North Indian,31,319,10.290322580645162,3.284632036265042,8.516666666666666,0.9090909090909091,False
Shahdara,Pizza,6,79,13.166666666666666,3.2086740845720145,8.516666666666666,1.0,False
Shahdara,Raw Meats,1,3,3.0,,8.516666666666666,0.18181818181818182,False
Shahdara,South Indian,5,46,9.2,3.3218912813165113,8.516666666666666,0.8181818181818182,False
Shahdara,Street Food,6,47,7.833333333333333,3.297798289540987,8.516666666666666,0.7272727272727273,False
Shalimar Bagh,Bakery,6,446,74.33333333333333,3.4904931462941677,25.0,1.0,False
Shalimar Bagh,Cafe,2,6,3.0,3.3280098287093978,25.0,0.15384615384615385,False
Shalimar Bagh,Chinese,8,238,29.75,3.3482965507956086,25.0,0.9230769230769231,False
Shalimar Bagh,Desserts,3,33,11.0,3.4089066343788432,25.0,0.23076923076923078,False
Shalimar Bagh,Fast Food,8,177,22.125,3.3478440126874194,25.0,0.6153846153846154,False
Shalimar Bagh,Ice Cream,3,35,11.666666666666666,3.3532089929770263,25.0,0.3076923076923077,False
Shalimar Bagh,Mithai,4,49,12.25,3.311831826635413,25.0,0.38461538461538464,False
Shalimar Bagh,Mughlai,1,0,0.0,,25.0,0.07692307692307693,False
Shalimar Bagh,North Indian,22,494,22.454545454545453,3.3287374185048635,25.0,0.6923076923076923,False
Shalimar Bagh,Other,2,50,25.0,3.159906112318322,25.0,0.7692307692307693,False
Shalimar Bagh,Pizza,2,29,14.5,3.2235393603936036,25.0,0.46153846153846156,False
Shalimar Bagh,South Indian,4,108,27.0,3.1116918221265544,25.0,0.8461538461538461,False
Shalimar Bagh,Street Food,2,33,16.5,3.4089066343788432,25.0,0.5384615384615384,False
Sohna Road,Bakery,3,228,76.0,3.355044319946497,71.125,0.9,False
Sohna Road,Cafe,4,196,49.0,3.370835492751608,71.125,0.5,False
Sohna Road,Chinese,3,145,48.333333333333336,3.257786853843742,71.125,0.4,False
Sohna Road,Continental,1,56,56.0,3.750595530955309,71.125,0.6,False
Sohna Road,Ice Cream,1,26,26.0,2.986833743337433,71.125,0.1,False
Sohna Road,Italian,2,131,65.5,3.602226562946009,71.125,0.7,False
Sohna Road,North Indian,15,692,46.13333333333333,3.2516396366449976,71.125,0.3,False
Sohna Road,Other,9,657,73.0,3.355024333827392,71.125,0.8,False
Sohna Road,Pizza,2,91,45.5,3.0943858530497064,71.125,0.2,False
Sohna Road,South Indian,2,242,121.0,3.0264114631744814,71.125,1.0,True
South Extension 2,Bakery,5,243,48.6,3.5434706298053142,63.375,0.6,False
South Extension 2,Cafe,4,254,63.5,3.555200873374737,63.375,0.8,False
South Extension 2,Chinese,8,514,64.25,3.3198890272074055,63.375,0.9,False
South Extension 2,Fast Food,5,194,38.8,3.3562036087245843,63.375,0.5,False
South Extension 2,Ice Cream,1,29,29.0,3.443750394234711,63.375,0.3,False
South Extension 2,Mithai,1,2,2.0,,63.375,0.1,False
South Extension 2,North Indian,10,1105,110.5,3.4395230799390504,63.375,1.0,False
South Extension 2,Other,4,120,30.0,3.4662812485401457,63.375,0.4,False
South Extension 2,Pizza,1,63,63.0,3.0974333102706026,63.375,0.7,False
South Extension 2,Raw Meats,2,14,7.0,3.235685979843669,63.375,0.2,False
Subhash Nagar,Bakery,3,19,6.333333333333333,3.2155773961585763,5.367647058823529,1.0,False
Subhash Nagar,Cafe,2,1,0.5,,5.367647058823529,0.22727272727272727,False
Subhash Nagar,Chinese,8,46,5.75,3.212958111247779,5.367647058823529,0.9090909090909091,False
Subhash Nagar,Fast Food,6,11,1.8333333333333333,3.3256361144119913,5.367647058823529,0.36363636363636365,False
Subhash Nagar,Ice Cream,1,0,0.0,,5.367647058823529,0.09090909090909091,False
Subhash Nagar,Mithai,3,7,2.3333333333333335,3.30023205093162,5.367647058823529,0.5454545454545454,False
Subhash Nagar,North Indian,17,89,5.235294117647059,3.3185208471965764,5.367647058823529,0.7272727272727273,False
Subhash Nagar,Other,2,8,4.0,3.2879391359703063,5.367647058823529,0.6363636363636364,False
Subhash Nagar,Raw Meats,2,1,0.5,,5.367647058823529,0.22727272727272727,False
Subhash Nagar,South Indian,3,6,2.0,3.324764731137877,5.367647058823529,0.45454545454545453,False
Subhash Nagar,Street Food,4,22,5.5,3.335893296432964,5.367647058823529,0.8181818181818182,False
Sushant Lok,Bakery,4,95,23.75,3.3821341311204023,51.75,0.25,False
Sushant Lok,Cafe,3,154,51.333333333333336,3.679505479734029,51.75,0.75,False
Sushant Lok,Chinese,1,38,38.0,2.9357762155207756,51.75,0.6666666666666666,False
Sushant Lok,Continental,1,53,53.0,3.6883581446108575,51.75,0.8333333333333334,True
Sushant Lok,Desserts,1,2,2.0,,51.75,0.08333333333333333,False
Sushant Lok,Fast Food,2,68,34.0,3.550109918862346,51.75,0.5,False
Sushant Lok,Italian,1,80,80.0,3.009399463180678,51.75,0.9166666666666666,True
Sushant Lok,Mughlai,1,125,125.0,3.601796153737399,51.75,1.0,True
Sushant Lok,North Indian,8,202,25.25,3.337722082344259,51.75,0.4166666666666667,False
Sushant Lok,Other,6,221,36.833333333333336,3.4942544771173303,51.75,0.5833333333333334,False
Sushant Lok,Pizza,1,23,23.0,3.462674038198715,51.75,0.16666666666666666,False
Sushant Lok,South Indian,1,25,25.0,3.469088253382533,51.75,0.3333333333333333,False
Tagore Garden,Bakery,2,8,4.0,3.309491310190879,24.0,0.4444444444444444,False
Tagore Garden,Chinese,7,30,4.285714285714286,3.323862371494085,24.0,0.5555555555555556,False
Tagore Garden,Fast Food,7,68,9.714285714285714,3.3196890486324735,24.0,0.6666666666666666,False
Tagore Garden,Ice Cream,1,0,0.0,,24.0,0.1111111111111111,False
Tagore Garden,Mughlai,3,4,1.3333333333333333,,24.0,0.2222222222222222,False
Tagore Garden,North Indian,11,1431,130.0909090909091,3.4761542522717646,24.0,1.0,False
Tagore Garden,Other,1,54,54.0,3.4292478713622083,24.0,0.8888888888888888,True
Tagore Garden,Pizza,2,48,24.0,3.333869767554956,24.0,0.7777777777777778,False
Tagore Garden,South Indian,2,5,2.5,,24.0,0.3333333333333333,False
"The Great India Place, Sector 38",Cafe,7,342,48.857142857142854,3.228674957019948,203.40625,0.4166666666666667,False
"The Great India Place, Sector 38",Chinese,4,1519,379.75,3.064826062508324,203.40625,0.9166666666666666,False
"The Great India Place, Sector 38",Continental,1,0,0.0,,203.40625,0.08333333333333333,False
"The Great India Place, Sector 38",Desserts,3,34,11.333333333333334,3.252006552472932,203.40625,0.16666666666666666,False
"The Great India Place, Sector 38",Fast Food,3,107,35.666666666666664,3.397599609332276,203.40625,0.3333333333333333,False
"The Great India Place, Sector 38",Ice Cream,3,60,20.0,3.3604037296586413,203.40625,0.25,False
"The Great India Place, Sector 38",Italian,3,561,187.0,3.3787249134935458,203.40625,0.75,False
"The Great India Place, Sector 38",Mughlai,1,179,179.0,3.5465461875013484,203.40625,0.6666666666666666,False
"The Great India Place, Sector 38",North Indian,8,2021,252.625,3.098818958106189,203.40625,0.8333333333333334,False
"The Great India Place, Sector 38",Other,2,1358,679.0,3.4829390352013885,203.40625,1.0,True
"The Great India Place, Sector 38",Pizza,1,60,60.0,3.268004869268876,203.40625,0.5,False
"The Great India Place, Sector 38",South Indian,1,139,139.0,3.4612368656931247,203.40625,0.5833333333333334,False
Tilak Nagar,Bakery,2,5,2.5,,7.71875,0.2916666666666667,False
Tilak Nagar,Chinese,5,182,36.4,3.453832661964823,7.71875,1.0,False
Tilak Nagar,Desserts,2,5,2.5,,7.71875,0.2916666666666667,False
Tilak Nagar,Fast Food,8,53,6.625,3.2641731065807007,7.71875,0.75,False
Tilak Nagar,Ice Cream,2,3,1.5,,7.71875,0.16666666666666666,False
Tilak Nagar,Mithai,3,11,3.6666666666666665,3.3020460136419545,7.71875,0.4166666666666667,False
Tilak Nagar,North Indian,22,124,5.636363636363637,3.3226962787906524,7.71875,0.6666666666666666,False
Tilak Nagar,Other,3,13,4.333333333333333,3.3193085949956718,7.71875,0.5,False
Tilak Nagar,Pizza,1,1,1.0,,7.71875,0.08333333333333333,False
Tilak Nagar,Raw Meats,2,22,11.0,3.31349701958558,7.71875,0.8333333333333334,True
Tilak Nagar,South Indian,4,18,4.5,3.3175637123014354,7.71875,0.5833333333333334,False
Tilak Nagar,Street Food,7,83,11.857142857142858,3.31590516124649,7.71875,0.9166666666666666,False
Udyog Vihar,Bakery,3,12,4.0,3.320540878393346,7.125,0.55,False
Udyog Vihar,Cafe,6,43,7.166666666666667,3.2312434936765735,7.125,0.8,False
Udyog Vihar,Chinese,1,11,11.0,3.305208845838458,7.125,0.9,True
Udyog Vihar,Continental,1,7,7.0,3.3448666205412048,7.125,0.7,False
Udyog Vihar,Desserts,1,12,12.0,3.3411890286935653,7.125,1.0,True
Udyog Vihar,Fast Food,1,0,0.0,,7.125,0.15,False
Udyog Vihar,Mughlai,1,0,0.0,,7.125,0.15,False
Udyog Vihar,North Indian,21,84,4.0,3.267308313587206,7.125,0.55,False
Udyog Vihar,Pizza,1,3,3.0,,7.125,0.4,False
Udyog Vihar,Street Food,1,1,1.0,,7.125,0.3,False
Uttam Nagar,Bakery,4,25,6.25,3.3252402335540645,6.2,0.8461538461538461,False
Uttam Nagar,Chinese,6,17,2.8333333333333335,3.302496281480825,6.2,0.23076923076923078,False
Uttam Nagar,Desserts,2,4,2.0,,6.2,0.11538461538461539,False
Uttam Nagar,Fast Food,10,62,6.2,3.296455684126747,6.2,0.7692307692307693,False
Uttam Nagar,Ice Cream,1,8,8.0,3.301974223689605,6.2,1.0,True
Uttam Nagar,Mithai,2,8,4.0,3.30023205093162,6.2,0.5,False
Uttam Nagar,Mughlai,1,2,2.0,,6.2,0.11538461538461539,False
Uttam Nagar,North Indian,21,113,5.380952380952381,3.2947836405825344,6.2,0.6923076923076923,False
Uttam Nagar,Other,2,13,6.5,3.28770184015682,6.2,0.9230769230769231,True
Uttam Nagar,Pizza,2,8,4.0,3.2584096500055906,6.2,0.5,False
Uttam Nagar,Raw Meats,1,3,3.0,,6.2,0.34615384615384615,False
Uttam Nagar,South Indian,1,3,3.0,,6.2,0.34615384615384615,False
Uttam Nagar,Street Food,6,30,5.0,3.3139987809805547,6.2,0.6153846153846154,False
Vasant Vihar,Bakery,11,128,11.636363636363637,3.3331756606158867,31.625,0.25,False
Vasant Vihar,Cafe,4,243,60.75,3.6154988305510862,31.625,0.9166666666666666,False
Vasant Vihar,Chinese,4,83,20.75,3.3020537972846866,31.625,0.5,False
Vasant Vihar,Fast Food,3,57,19.0,3.3188416689776545,31.625,0.4166666666666667,False
Vasant Vihar,Ice Cream,1,3,3.0,,31.625,0.16666666666666666,False
Vasant Vihar,Italian,1,299,299.0,2.8776222147997337,31.625,1.0,True
Vasant Vihar,Mithai,1,28,28.0,3.332630269484513,31.625,0.75,False
Vasant Vihar,Mughlai,1,2,2.0,,31.625,0.08333333333333333,False
Vasant Vihar,North Indian,6,92,15.333333333333334,3.29360973003435,31.625,0.3333333333333333,False
Vasant Vihar,Other,2,85,42.5,3.4145167674004324,31.625,0.8333333333333334,True
Vasant Vihar,Pizza,1,21,21.0,3.395893296432964,31.625,0.5833333333333334,False
Vasant Vihar,Raw Meats,1,23,23.0,3.3348962604209373,31.625,0.6666666666666666,False
Vasundhara Enclave,Bakery,5,6,1.2,3.324764731137877,6.4,0.23076923076923078,False
Vasundhara Enclave,Chinese,6,36,6.0,3.331018898151944,6.4,0.6923076923076923,False
Vasundhara Enclave,Desserts,1,0,0.0,,6.4,0.11538461538461539,False
Vasundhara Enclave,Fast Food,4,35,8.75,3.489043589509969,6.4,0.9230769230769231,False
Vasundhara Enclave,Ice Cream,1,5,5.0,3.3187505694501387,6.4,0.5,False
Vasundhara Enclave,Mithai,5,32,6.4,3.264808165389346,6.4,0.7692307692307693,False
Vasundhara Enclave,Mughlai,1,0,0.0,,6.4,0.11538461538461539,False
Vasundhara Enclave,North Indian,22,111,5.045454545454546,3.291131861783849,6.4,0.6153846153846154,False
Vasundhara Enclave,Other,7,32,4.571428571428571,3.3701566343788434,6.4,0.38461538461538464,False
Vasundhara Enclave,Pizza,2,17,8.5,3.1577656174289013,6.4,0.8461538461538461,True
Vasundhara Enclave,Raw Meats,2,10,5.0,3.2747886567848727,6.4,0.5,False
Vasundhara Enclave,South Indian,2,33,16.5,3.215156634378843,6.4,1.0,True
Vasundhara Enclave,Street Food,4,12,3.0,3.2823666205412048,6.4,0.3076923076923077,False
Vijay Nagar,Bakery,2,828,414.0,4.052769003512587,354.53846153846155,0.8181818181818182,True
Vijay Nagar,Cafe,11,6667,606.0909090909091,3.71358987350653,354.53846153846155,1.0,False
Vijay Nagar,Chinese,4,662,165.5,3.512783111995266,354.53846153846155,0.5454545454545454,False
Vijay Nagar,Continental,4,1826,456.5,3.7528681963291506,354.53846153846155,0.9090909090909091,False
Vijay Nagar,Fast Food,4,330,82.5,3.6765458269565565,354.53846153846155,0.45454545454545453,False
Vijay Nagar,Italian,1,16,16.0,3.2648081653893457,354.53846153846155,0.09090909090909091,False
Vijay Nagar,Mithai,1,18,18.0,3.391231802243395,354.53846153846155,0.18181818181818182,False
Vijay Nagar,North Indian,13,3836,295.0769230769231,3.591905515031265,354.53846153846155,0.7272727272727273,False
Vijay Nagar,Other,4,803,200.75,3.533145762088844,354.53846153846155,0.6363636363636364,False
Vijay Nagar,South Indian,1,27,27.0,3.3330596151356247,354.53846153846155,0.3181818181818182,False
Vijay Nagar,Street Food,1,27,27.0,3.404112246714572,354.53846153846155,0.3181818181818182,False
Vikaspuri,Bakery,6,89,14.833333333333334,3.243259298475644,30.1,0.35714285714285715,False
Vikaspuri,Cafe,3,60,20.0,3.228029253529714,30.1,0.5714285714285714,False
Vikaspuri,Chinese,11,216,19.636363636363637,3.2582405501873013,30.1,0.5,False
Vikaspuri,Desserts,2,27,13.5,3.329830495779407,30.1,0.21428571428571427,False
Vikaspuri,Fast Food,4,63,15.75,3.2457892519976332,30.1,0.42857142857142855,False
Vikaspuri,Ice Cream,1,36,36.0,3.414265067650676,30.1,1.0,True
Vikaspuri,Mithai,2,12,6.0,3.3203870212733904,30.1,0.07142857142857142,False
Vikaspuri,Mughlai,2,67,33.5,3.313001857960335,30.1,0.8571428571428571,True
Vikaspuri,North Indian,16,429,26.8125,3.253042395082215,30.1,0.6428571428571429,False
Vikaspuri,Other,2,56,28.0,3.2235393603936036,30.1,0.7142857142857143,False
Vikaspuri,Pizza,2,29,14.5,3.2983373167540653,30.1,0.2857142857142857,False
Vikaspuri,Raw Meats,2,26,13.0,3.3071778752662135,30.1,0.14285714285714285,False
Vikaspuri,South Indian,5,154,30.8,3.3207616904701225,30.1,0.7857142857142857,False
Vikaspuri,Street Food,2,68,34.0,3.169016857476267,30.1,0.9285714285714286,True
Vivek Vihar,Bakery,7,99,14.142857142857142,3.235413942992419,30.375,0.6666666666666666,False
Vivek Vihar,Cafe,2,176,88.0,3.314410759824682,30.375,1.0,True
Vivek Vihar,Chinese,8,243,30.375,3.314524672294627,30.375,0.7777777777777778,False
Vivek Vihar,Desserts,1,1,1.0,,30.375,0.1111111111111111,False
Vivek Vihar,Fast Food,3,12,4.0,3.3215168975460245,30.375,0.4444444444444444,False
Vivek Vihar,Mithai,3,5,1.6666666666666667,3.309491310190879,30.375,0.2222222222222222,False
Vivek Vihar,North Indian,9,419,46.55555555555556,3.2668803452845516,30.375,0.8888888888888888,False
Vivek Vihar,Other,1,7,7.0,3.319866620541205,30.375,0.5555555555555556,False
Vivek Vihar,South Indian,2,4,2.0,3.317217561326556,30.375,0.3333333333333333,False
