Locality,Price range,Supply,Demand,AvgVotesPerRestaurant,mean_Cred_Rating,locality_p75_threshold,percentile_rank,is_opportunity
Alaknanda,1,20,283,14.15,3.288813272132286,50.6625,0.5,False
Alaknanda,2,12,754,62.833333333333336,3.3594059619060648,50.6625,1.0,False
Anand Vihar,1,27,597,22.11111111111111,3.3618012425223256,74.82142857142857,0.3333333333333333,False
Anand Vihar,2,14,611,43.642857142857146,3.3734606924526034,74.82142857142857,0.6666666666666666,False
Anand Vihar,3,1,106,106.0,3.7265324564535964,74.82142857142857,1.0,True
Ashok Vihar Phase 1,1,24,600,25.0,3.3142986924367728,33.36363636363636,0.3333333333333333,False
Ashok Vihar Phase 1,2,11,349,31.727272727272727,3.291658304706609,33.36363636363636,0.6666666666666666,False
Ashok Vihar Phase 1,3,1,35,35.0,3.079911080360803,33.36363636363636,1.0,True
Chanakyapuri,1,9,407,45.22222222222222,3.3564296448079354,60.712500000000006,0.5,False
Chanakyapuri,2,20,1039,51.95,3.2721333097889413,60.712500000000006,0.75,False
Chanakyapuri,3,2,174,87.0,2.946813414660764,60.712500000000006,1.0,True
Chanakyapuri,4,1,3,3.0,,60.712500000000006,0.25,False
Chandni Chowk,1,61,5780,94.75409836065573,3.438957192260984,212.0,0.3333333333333333,False
Chandni Chowk,2,5,595,119.0,3.327283768432669,212.0,0.6666666666666666,False
Chandni Chowk,4,1,305,305.0,4.254837657486744,212.0,1.0,True
Chittaranjan Park,1,26,786,30.23076923076923,3.316721621295242,69.52163461538461,0.6666666666666666,False
Chittaranjan Park,2,16,1741,108.8125,3.2457441252044603,69.52163461538461,1.0,False
Chittaranjan Park,3,4,90,22.5,3.263437387505683,69.52163461538461,0.3333333333333333,False
Civil Lines,1,13,346,26.615384615384617,3.457420654210431,108.96710526315789,0.25,False
Civil Lines,2,8,804,100.5,3.5757438347675192,108.96710526315789,0.75,False
Civil Lines,3,19,2553,134.3684210526316,3.513281679309682,108.96710526315789,1.0,False
Civil Lines,4,1,59,59.0,3.487153062502847,108.96710526315789,0.5,False
Connaught Place,1,15,12426,828.4,3.7657647039841535,1144.6477272727273,0.25,False
Connaught Place,2,30,30217,1007.2333333333333,3.7039490457072644,1144.6477272727273,0.5,False
Connaught Place,3,66,70203,1063.6818181818182,3.724627457624783,1144.6477272727273,0.75,False
Connaught Place,4,11,15263,1387.5454545454545,3.881975470154187,1144.6477272727273,1.0,False
"Cyber Hub, DLF Cyber City",1,4,1720,430.0,3.7280859768503802,1012.8874269005847,0.5,False
"Cyber Hub, DLF Cyber City",2,9,3820,424.44444444444446,3.7680788785504356,1012.8874269005847,0.25,False
"Cyber Hub, DLF Cyber City",3,19,13820,727.3684210526316,3.8702191117447464,1012.8874269005847,0.75,False
"Cyber Hub, DLF Cyber City",4,9,16825,1869.4444444444443,3.764527848973525,1012.8874269005847,1.0,False
"DLF Mall of India, Sector 18,  Noida",1,7,1601,228.71428571428572,3.6497994980540907,288.17857142857144,0.6666666666666666,False
"DLF Mall of India, Sector 18,  Noida",2,10,1809,180.9,3.693961702546253,288.17857142857144,0.3333333333333333,False
"DLF Mall of India, Sector 18,  Noida",3,14,4867,347.64285714285717,3.8215441876567593,288.17857142857144,1.0,False
DLF Phase 3,1,41,2195,53.53658536585366,3.2771498720697854,68.34615384615384,0.3333333333333333,False
DLF Phase 3,2,26,1591,61.19230769230769,3.376314472908557,68.34615384615384,0.6666666666666666,False
DLF Phase 3,3,2,151,75.5,3.3898204483598704,68.34615384615384,1.0,True
Daryaganj,1,28,267,9.535714285714286,3.3466358725000473,412.67857142857144,0.3333333333333333,False
Daryaganj,2,14,1601,114.35714285714286,3.4495284989880477,412.67857142857144,0.6666666666666666,False
Daryaganj,3,1,711,711.0,3.5839638562504046,412.67857142857144,1.0,True
Defence Colony,1,28,1751,62.535714285714285,3.396777282603006,331.95000000000005,0.25,False
Defence Colony,2,37,7001,189.21621621621622,3.4946151407848394,331.95000000000005,0.5,False
Defence Colony,3,20,6492,324.6,3.6711509504460422,331.95000000000005,0.75,False
Defence Colony,4,1,354,354.0,3.7454405229536167,331.95000000000005,1.0,True
Delhi University-GTB Nagar,1,40,2328,58.2,3.3262456192156176,261.2142857142857,0.25,False
Delhi University-GTB Nagar,2,21,16839,801.8571428571429,3.533430927974034,261.2142857142857,1.0,False
Delhi University-GTB Nagar,3,3,242,80.66666666666667,3.3118507095542857,261.2142857142857,0.5,False
Delhi University-GTB Nagar,4,1,81,81.0,2.945481005771596,261.2142857142857,0.75,False
Dilshad Garden,1,39,319,8.179487179487179,3.274886450775821,53.44117647058823,0.3333333333333333,False
Dilshad Garden,2,17,865,50.88235294117647,3.2363530596616736,53.44117647058823,0.6666666666666666,False
Dilshad Garden,3,1,56,56.0,3.3239288642886424,53.44117647058823,1.0,True
East Patel Nagar,1,29,925,31.896551724137932,3.315404084348869,81.51875,0.3333333333333333,False
East Patel Nagar,2,16,1255,78.4375,3.4161847367662452,81.51875,0.6666666666666666,False
East Patel Nagar,3,5,423,84.6,3.355154593795124,81.51875,1.0,False
East of Kailash,1,37,245,6.621621621621622,3.2753112396775124,349.3333333333333,0.3333333333333333,False
East of Kailash,2,18,228,12.666666666666666,3.295183889597643,349.3333333333333,0.6666666666666666,False
East of Kailash,3,1,686,686.0,4.050085075850759,349.3333333333333,1.0,True
GTB Nagar,1,22,145,6.590909090909091,3.332062524907504,136.33333333333331,0.3333333333333333,False
GTB Nagar,2,12,1865,155.41666666666666,3.6912272446405785,136.33333333333331,1.0,False
GTB Nagar,3,4,469,117.25,3.4513603726584807,136.33333333333331,0.6666666666666666,False
Geeta Colony,1,27,167,6.185185185185185,3.310340257298044,16.76058201058201,0.5,False
Geeta Colony,2,7,142,20.285714285714285,3.269404851703604,16.76058201058201,1.0,False
Greater Kailash (GK) 1,1,17,1218,71.6470588235294,3.4661716144775276,174.69901315789474,0.25,False
Greater Kailash (GK) 1,2,24,3395,141.45833333333334,3.6060557175139305,174.69901315789474,0.75,False
Greater Kailash (GK) 1,3,19,5214,274.42105263157896,3.7241594326589804,174.69901315789474,1.0,False
Greater Kailash (GK) 1,4,6,744,124.0,3.5431658396368584,174.69901315789474,0.5,False
Greater Kailash (GK) 2,1,17,1062,62.470588235294116,3.3662820723875466,332.5394736842105,0.25,False
Greater Kailash (GK) 2,2,25,4667,186.68,3.519064096772847,332.5394736842105,0.5,False
Greater Kailash (GK) 2,3,19,6520,343.1578947368421,3.595738163576961,332.5394736842105,1.0,False
Greater Kailash (GK) 2,4,5,1645,329.0,3.9152758041471016,332.5394736842105,0.75,False
Greater Noida,1,21,232,11.047619047619047,3.2853349051278995,21.761904761904763,0.3333333333333333,False
Greater Noida,2,14,306,21.857142857142858,3.2461306406600476,21.761904761904763,1.0,False
Greater Noida,3,3,65,21.666666666666668,3.2386512883671035,21.761904761904763,0.6666666666666666,False
Green Park,1,19,1568,82.52631578947368,3.2472587262644295,228.66666666666666,0.25,False
Green Park,2,17,1639,96.41176470588235,3.342016512945032,228.66666666666666,0.5,False
Green Park,3,9,1835,203.88888888888889,3.4562554811584505,228.66666666666666,0.75,False
Green Park,4,1,303,303.0,3.6514560532679194,228.66666666666666,1.0,True
Gujranwala Town,1,26,486,18.692307692307693,3.3850671737362585,93.33333333333334,0.3333333333333333,False
Gujranwala Town,2,12,380,31.666666666666668,3.3518656888380844,93.33333333333334,0.6666666666666666,False
Gujranwala Town,3,1,155,155.0,3.160355542893664,93.33333333333334,1.0,True
Hauz Khas,1,44,1502,34.13636363636363,3.3369076510245526,173.64999999999998,0.3333333333333333,False
Hauz Khas,2,20,1072,53.6,3.2740544896623627,173.64999999999998,0.6666666666666666,False
Hauz Khas,3,10,2937,293.7,3.565663508390551,173.64999999999998,1.0,False
IP Extension,1,35,1023,29.228571428571428,3.2501415561838214,70.75,0.3333333333333333,False
IP Extension,2,10,455,45.5,3.1938237357334045,70.75,0.6666666666666666,False
IP Extension,3,2,192,96.0,2.8501564625658107,70.75,1.0,True
Jail Road,1,51,908,17.80392156862745,3.318260991201785,175.21875,0.5,False
Jail Road,2,8,213,26.625,3.2385633154526627,175.21875,0.75,False
Jail Road,3,1,621,621.0,4.137929150373593,175.21875,1.0,True
Jail Road,4,1,14,14.0,3.2509925515921823,175.21875,0.25,False
Janakpuri,1,16,1359,84.9375,3.353389280530005,95.21153846153845,0.3333333333333333,False
Janakpuri,2,26,2234,85.92307692307692,3.304678333524733,95.21153846153845,0.6666666666666666,False
Janakpuri,3,4,418,104.5,3.3211651143107312,95.21153846153845,1.0,False
Jangpura,1,39,686,17.58974358974359,3.3189140888854367,393.29411764705884,0.3333333333333333,False
Jangpura,2,17,724,42.588235294117645,3.2835045146254465,393.29411764705884,0.6666666666666666,False
Jangpura,3,1,744,744.0,3.95991491897895,393.29411764705884,1.0,True
Janpath,1,12,688,57.333333333333336,3.3853100934476332,298.45,0.25,False
Janpath,2,12,2828,235.66666666666666,3.524844990571827,298.45,0.5,False
Janpath,3,10,4354,435.4,3.7451448710264117,298.45,1.0,False
Janpath,4,5,1264,252.8,3.8128451620580015,298.45,0.75,False
Kalkaji,1,47,1297,27.595744680851062,3.279197112877606,138.125,0.3333333333333333,False
Kalkaji,2,24,1962,81.75,3.3624260819456446,138.125,0.6666666666666666,False
Kalkaji,3,2,389,194.5,3.4416811069495385,138.125,1.0,True
Kamla Nagar,1,38,2902,76.36842105263158,3.4644084101120765,130.7,0.3333333333333333,False
Kamla Nagar,2,25,2160,86.4,3.3889927886722617,130.7,0.6666666666666666,False
Kamla Nagar,3,2,350,175.0,3.4431816043978447,130.7,1.0,True
Karol Bagh,1,38,2448,64.42105263157895,3.3249252837420813,107.27575757575758,0.3333333333333333,False
Karol Bagh,2,33,4460,135.15151515151516,3.3232067744296265,107.27575757575758,1.0,False
Karol Bagh,3,5,397,79.4,3.302183102631234,107.27575757575758,0.6666666666666666,False
Khan Market,1,6,887,147.83333333333334,3.4915419873392812,663.8014705882354,0.25,False
Khan Market,2,11,5256,477.8181818181818,3.6145219652675693,663.8014705882354,0.5,False
Khan Market,3,17,16757,985.7058823529412,3.892610890434585,663.8014705882354,1.0,False
Khan Market,4,10,5565,556.5,3.7984644057680774,663.8014705882354,0.75,False
Kirti Nagar,1,23,567,24.652173913043477,3.2722113479029993,52.59375,0.5,False
Kirti Nagar,2,24,1010,42.083333333333336,3.2501795725711236,52.59375,0.75,False
Kirti Nagar,3,8,673,84.125,3.3219610294408577,52.59375,1.0,False
Kirti Nagar,4,1,14,14.0,3.317659218258849,52.59375,0.25,False
Krishna Nagar,1,56,422,7.535714285714286,3.30116769136849,25.491071428571427,0.5,False
Krishna Nagar,2,21,661,31.476190476190474,3.2876038052683003,25.491071428571427,1.0,False
Lajpat Nagar 1,1,32,459,14.34375,3.293062665421014,45.810937499999994,0.5,False
Lajpat Nagar 1,2,10,563,56.3,3.419997406597863,45.810937499999994,1.0,False
Laxmi Nagar,1,39,921,23.615384615384617,3.2742062230663898,66.33805668016194,0.5,False
Laxmi Nagar,2,19,1531,80.57894736842105,3.277050121497641,66.33805668016194,1.0,False
Lodhi Colony,1,13,820,63.07692307692308,3.3234604209898277,406.33333333333337,0.25,False
Lodhi Colony,2,8,643,80.375,3.294185889688005,406.33333333333337,0.5,False
Lodhi Colony,3,6,3695,615.8333333333334,3.5347058441244785,406.33333333333337,1.0,False
Lodhi Colony,4,4,1346,336.5,3.7516126058648918,406.33333333333337,0.75,False
"Logix City Centre, Sector 32, Noida",1,16,109,6.8125,3.277365208001369,16.78787878787879,0.3333333333333333,False
"Logix City Centre, Sector 32, Noida",2,11,109,9.909090909090908,3.290259724212852,16.78787878787879,0.6666666666666666,False
"Logix City Centre, Sector 32, Noida",3,3,71,23.666666666666668,3.4057171260169983,16.78787878787879,1.0,False
MG Road,1,34,250,7.352941176470588,3.218544486461287,142.02777777777777,0.25,False
MG Road,2,17,2329,137.0,3.448464818016995,142.02777777777777,0.75,False
MG Road,3,9,1414,157.11111111111111,3.4061898007750004,142.02777777777777,1.0,False
MG Road,4,3,353,117.66666666666667,3.4878707262434046,142.02777777777777,0.5,False
Mahipalpur,1,41,100,2.4390243902439024,3.2842300178726296,6.333333333333334,0.3333333333333333,False
Mahipalpur,2,24,166,6.916666666666667,3.2992636577494427,6.333333333333334,1.0,False
Mahipalpur,3,4,23,5.75,3.292145085272968,6.333333333333334,0.6666666666666666,False
Malviya Nagar,1,27,2497,92.48148148148148,3.405873060118615,162.69,0.3333333333333333,False
Malviya Nagar,2,50,9269,185.38,3.4055027089606837,162.69,1.0,False
Malviya Nagar,3,8,1120,140.0,3.5432871360868,162.69,0.6666666666666666,False
Mayur Vihar Phase 1,1,62,882,14.225806451612904,3.2621519233710763,58.25,0.25,False
Mayur Vihar Phase 1,2,20,879,43.95,3.2119891755568433,58.25,0.5,False
Mayur Vihar Phase 1,3,1,51,51.0,3.274125307503075,58.25,0.75,False
Mayur Vihar Phase 1,4,1,80,80.0,3.195445974808585,58.25,1.0,True
Mayur Vihar Phase 3,1,23,218,9.478260869565217,3.260246768653947,19.452898550724637,0.5,False
Mayur Vihar Phase 3,2,9,205,22.77777777777778,3.2540670526877693,19.452898550724637,1.0,False
Moti Nagar,1,24,306,12.75,3.3822469697586315,16.828125,0.5,False
Moti Nagar,2,16,291,18.1875,3.3248577152862864,16.828125,1.0,False
Mukherjee Nagar,1,63,199,3.1587301587301586,3.304537672018024,3.3396825396825394,0.5,False
Mukherjee Nagar,2,5,17,3.4,3.3220095700591505,3.3396825396825394,1.0,False
Munirka,1,33,282,8.545454545454545,3.287339728827498,24.550505050505052,0.6666666666666666,False
Munirka,2,9,365,40.55555555555556,3.2481989518216765,24.550505050505052,1.0,False
Munirka,3,1,6,6.0,3.3129551045510452,24.550505050505052,0.3333333333333333,False
Najafgarh,1,56,34,0.6071428571428571,3.317217561326556,0.5803571428571428,1.0,False
Najafgarh,2,4,2,0.5,,0.5803571428571428,0.5,False
Nangloi,1,40,6,0.15,,0.11249999999999999,1.0,False
Nangloi,2,1,0,0.0,,0.11249999999999999,0.5,False
Naraina,1,47,274,5.829787234042553,3.286643784882935,14.25,0.3333333333333333,False
Naraina,2,6,81,13.5,3.2525627090971057,14.25,0.6666666666666666,False
Naraina,3,1,15,15.0,3.2923832929735544,14.25,1.0,True
Nehru Place,1,21,431,20.523809523809526,3.272452917798839,206.25,0.25,False
Nehru Place,2,6,552,92.0,3.4619876890376466,206.25,0.5,False
Nehru Place,3,4,1596,399.0,3.308151278516195,206.25,1.0,False
Nehru Place,4,1,142,142.0,3.6105368102110336,206.25,0.75,False
Netaji Subhash Place,1,27,3006,111.33333333333333,3.464351287270208,226.5681818181818,0.3333333333333333,False
Netaji Subhash Place,2,11,1371,124.63636363636364,3.439589476464754,226.5681818181818,0.6666666666666666,False
Netaji Subhash Place,3,10,3285,328.5,3.5718217668847836,226.5681818181818,1.0,False
New Friends Colony,1,23,401,17.434782608695652,3.312350395548414,123.69318181818181,0.25,False
New Friends Colony,2,22,761,34.59090909090909,3.311402236841134,123.69318181818181,0.75,False
New Friends Colony,3,1,391,391.0,4.105483024432517,123.69318181818181,1.0,True
New Friends Colony,4,1,24,24.0,3.1371579554836644,123.69318181818181,0.5,False
Old Railway Road,1,25,311,12.44,3.31097699671622,21.233333333333334,0.3333333333333333,False
Old Railway Road,2,15,262,17.466666666666665,3.311166193466279,21.233333333333334,0.6666666666666666,False
Old Railway Road,3,1,25,25.0,3.2663855506798307,21.233333333333334,1.0,True
Paharganj,1,27,1614,59.77777777777778,3.33891981319287,49.238888888888894,1.0,False
Paharganj,2,30,1161,38.7,3.2596016135964034,49.238888888888894,0.6666666666666666,False
Paharganj,3,7,91,13.0,3.2584249147548774,49.238888888888894,0.3333333333333333,False
Palam,1,48,95,1.9791666666666667,3.3046275441234556,2.3697916666666665,0.5,False
Palam,2,12,30,2.5,3.2836177905364576,2.3697916666666665,1.0,False
Palam Vihar,1,34,164,4.823529411764706,3.292179556702653,4.300980392156863,1.0,False
Palam Vihar,2,15,41,2.7333333333333334,3.2999217882936156,4.300980392156863,0.5,False
Paschim Vihar,1,34,1535,45.14705882352941,3.2614145929084244,52.19585561497326,0.5,False
Paschim Vihar,2,22,1200,54.54545454545455,3.270177744461463,52.19585561497326,1.0,False
Pitampura,1,49,1618,33.02040816326531,3.3485814499577895,52.54145408163265,0.6666666666666666,False
Pitampura,2,32,2306,72.0625,3.230625440205378,52.54145408163265,1.0,False
Pitampura,3,4,125,31.25,3.3108312420281796,52.54145408163265,0.3333333333333333,False
Preet Vihar,1,32,406,12.6875,3.304954799968279,56.75,0.3333333333333333,False
Preet Vihar,2,16,1048,65.5,3.274876501351735,56.75,1.0,False
Preet Vihar,3,1,48,48.0,3.1279642345392524,56.75,0.6666666666666666,False
Punjabi Bagh,1,17,762,44.8235294117647,3.398305434483774,99.75142045454545,0.3333333333333333,False
Punjabi Bagh,2,32,2611,81.59375,3.3719515692739543,99.75142045454545,0.6666666666666666,False
Punjabi Bagh,3,11,1297,117.9090909090909,3.4748184907995476,99.75142045454545,1.0,False
R K Puram,1,25,1341,53.64,3.4031205212633346,96.54461538461538,0.5,False
R K Puram,2,13,1441,110.84615384615384,3.310408509253452,96.54461538461538,1.0,False
Rajinder Nagar,1,47,2171,46.191489361702125,3.2540960914305463,94.9090909090909,0.3333333333333333,False
Rajinder Nagar,2,33,2898,87.81818181818181,3.2634722717606066,94.9090909090909,0.6666666666666666,False
Rajinder Nagar,3,1,102,102.0,3.2490896076179308,94.9090909090909,1.0,True
Rajouri Garden,1,24,2249,93.70833333333333,3.521454417191894,505.02083333333337,0.25,False
Rajouri Garden,2,35,4096,117.02857142857142,3.422332007215916,505.02083333333337,0.5,False
Rajouri Garden,3,36,16900,469.44444444444446,3.805451115471106,505.02083333333337,0.75,False
Rajouri Garden,4,4,2447,611.75,3.9311953727836904,505.02083333333337,1.0,False
Rohini,1,26,2441,93.88461538461539,3.4149367556335672,98.1923076923077,0.6666666666666666,False
Rohini,2,18,1663,92.38888888888889,3.2666961982604996,98.1923076923077,0.3333333333333333,False
Rohini,3,4,410,102.5,3.299758538065018,98.1923076923077,1.0,False
Safdarjung,1,35,700,20.0,3.295343932063632,228.2,0.25,False
Safdarjung,2,38,6496,170.94736842105263,3.3369228942829636,228.2,0.5,False
Safdarjung,3,5,923,184.6,3.7676065896707582,228.2,0.75,False
Safdarjung,4,2,718,359.0,3.8269655434105085,228.2,1.0,True
Sainik Farms,1,31,102,3.2903225806451615,3.244500488383331,8.14516129032258,0.6666666666666666,False
Sainik Farms,2,3,5,1.6666666666666667,3.3021232217039147,8.14516129032258,0.3333333333333333,False
Sainik Farms,3,1,13,13.0,3.256653721779153,8.14516129032258,1.0,True
Saket,1,18,660,36.666666666666664,3.3851284427536705,249.6,0.25,False
Saket,2,12,846,70.5,3.3219730331375157,249.6,0.5,False
Saket,3,5,2232,446.4,3.515913464704218,249.6,1.0,False
Saket,4,1,184,184.0,3.5476932650227786,249.6,0.75,False
Satyaniketan,1,33,2205,66.81818181818181,3.401568644045772,408.5232558139535,0.3333333333333333,False
Satyaniketan,2,43,12687,295.04651162790697,3.6309216136757767,408.5232558139535,0.6666666666666666,False
Satyaniketan,3,3,1566,522.0,3.5838872888969546,408.5232558139535,1.0,False
Sector 110,1,23,248,10.782608695652174,3.2355771664886763,73.88461538461539,0.3333333333333333,False
Sector 110,2,26,1151,44.26923076923077,3.2414962607497344,73.88461538461539,0.6666666666666666,False
Sector 110,3,4,414,103.5,3.267353195214965,73.88461538461539,1.0,False
Sector 12,1,20,121,6.05,3.2628528657046525,207.64285714285714,0.3333333333333333,False
Sector 12,2,7,65,9.285714285714286,3.0845124384376374,207.64285714285714,0.6666666666666666,False
Sector 12,3,3,1218,406.0,3.415998751454204,207.64285714285714,1.0,False
Sector 132,1,28,99,3.5357142857142856,3.294354245221796,30.942307692307693,0.3333333333333333,False
Sector 132,2,13,57,4.384615384615385,3.1866057153730307,30.942307692307693,0.6666666666666666,False
Sector 132,3,2,115,57.5,3.6087391406855946,30.942307692307693,1.0,True
Sector 14,1,32,631,19.71875,3.286023842281069,19.24826388888889,1.0,False
Sector 14,2,18,338,18.77777777777778,3.2413721961846105,19.24826388888889,0.6666666666666666,False
Sector 14,3,2,28,14.0,3.1830734149355377,19.24826388888889,0.3333333333333333,False
Sector 15,1,47,1113,23.680851063829788,3.35317250166694,216.61904761904762,0.3333333333333333,False
Sector 15,2,21,1174,55.904761904761905,3.3486575873313917,216.61904761904762,0.6666666666666666,False
Sector 15,3,3,1132,377.3333333333333,3.7702623576480048,216.61904761904762,1.0,False
Sector 17,1,20,97,4.85,3.225520285034809,34.757954545454545,0.5,False
Sector 17,2,11,492,44.72727272727273,3.1983475336655434,34.757954545454545,1.0,False
Sector 18,1,21,3898,185.61904761904762,3.3909134138864396,389.491847826087,0.25,False
Sector 18,2,27,7771,287.81481481481484,3.398379336438418,389.491847826087,0.5,False
Sector 18,3,23,8826,383.7391304347826,3.424037002478569,389.491847826087,0.75,False
Sector 18,4,4,1627,406.75,3.3364289859540923,389.491847826087,1.0,False
Sector 29,1,7,331,47.285714285714285,3.48124084356198,519.3041666666667,0.25,False
Sector 29,2,11,3313,301.1818181818182,3.4345194269080417,519.3041666666667,0.5,False
Sector 29,3,24,15106,629.4166666666666,3.888146128249075,519.3041666666667,1.0,False
Sector 29,4,5,2413,482.6,3.916569276696606,519.3041666666667,0.75,False
Sector 31,1,33,792,24.0,3.3072782409992065,69.75,0.5,False
Sector 31,2,19,1615,85.0,3.4280149912458997,69.75,1.0,False
Sector 37,1,30,2380,79.33333333333333,3.5094072213311494,74.66666666666666,1.0,False
Sector 37,2,14,596,42.57142857142857,3.3606712264570833,74.66666666666666,0.3333333333333333,False
Sector 37,3,1,70,70.0,2.968172527313508,74.66666666666666,0.6666666666666666,False
Sector 41,1,23,508,22.08695652173913,3.293702350156777,28.022644927536234,0.6666666666666666,False
Sector 41,2,24,815,33.958333333333336,3.325247804475957,28.022644927536234,1.0,False
Sector 41,3,1,6,6.0,3.3129551045510452,28.022644927536234,0.3333333333333333,False
Sector 45,1,26,123,4.730769230769231,3.291039502668396,57.16483516483516,0.5,False
Sector 45,2,14,1045,74.64285714285714,3.2812982205412267,57.16483516483516,1.0,False
Sector 50,1,14,286,20.428571428571427,3.283214599285076,153.90833333333333,0.3333333333333333,False
Sector 50,2,20,3103,155.15,3.04792723953442,153.90833333333333,1.0,False
Sector 50,3,3,458,152.66666666666666,3.182967775851456,153.90833333333333,0.6666666666666666,False
Sector 56,1,35,213,6.085714285714285,3.3219946089421426,20.021428571428572,0.5,False
Sector 56,2,24,592,24.666666666666668,3.229020303622201,20.021428571428572,1.0,False
Sector 62,1,48,917,19.104166666666668,3.3108205393046424,90.5625,0.3333333333333333,False
Sector 62,2,24,1101,45.875,3.1901792940884106,90.5625,0.6666666666666666,False
Sector 62,3,4,541,135.25,3.224622509662273,90.5625,1.0,False
Sector 72,1,35,108,3.085714285714286,3.300944054002198,16.44,0.3333333333333333,False
Sector 72,2,25,272,10.88,3.3289795592811555,16.44,0.6666666666666666,False
Sector 72,3,1,22,22.0,2.9635567711310915,16.44,1.0,True
Shahdara,1,75,531,7.08,3.290873764519267,10.395,0.5,False
Shahdara,2,12,138,11.5,3.269148963087513,10.395,1.0,False
Shalimar Bagh,1,52,1174,22.576923076923077,3.350518465847254,31.844230769230766,0.5,False
Shalimar Bagh,2,15,524,34.93333333333333,3.2626694378606897,31.844230769230766,1.0,False
Sohna Road,1,14,507,36.214285714285715,3.277669783980102,62.75535714285714,0.25,False
Sohna Road,2,20,1489,74.45,3.2963885863739493,62.75535714285714,1.0,False
Sohna Road,3,7,412,58.857142857142854,3.2727688349965787,62.75535714285714,0.75,False
Sohna Road,4,1,56,56.0,3.750595530955309,62.75535714285714,0.5,False
South Extension 2,1,19,500,26.31578947368421,3.3657756749645382,100.35,0.5,False
South Extension 2,2,15,1013,67.53333333333333,3.427669424235065,100.35,0.75,False
South Extension 2,3,5,994,198.8,3.512413032595604,100.35,1.0,False
South Extension 2,4,2,31,15.5,3.2962666331208763,100.35,0.25,False
Subhash Nagar,1,45,188,4.177777777777778,3.2926068047404864,4.05,1.0,False
Subhash Nagar,2,6,22,3.6666666666666665,3.306947903854038,4.05,0.5,False
Sushant Lok,1,11,340,30.90909090909091,3.4596840107329156,42.28333333333333,0.3333333333333333,False
Sushant Lok,2,15,556,37.06666666666667,3.3986065573707855,42.28333333333333,0.6666666666666666,False
Sushant Lok,3,4,190,47.5,3.465356311445885,42.28333333333333,1.0,False
Tagore Garden,1,27,215,7.962962962962963,3.3211053989212043,227.91666666666666,0.3333333333333333,False
Tagore Garden,2,6,131,21.833333333333332,3.3902268776238933,227.91666666666666,0.6666666666666666,False
Tagore Garden,3,3,1302,434.0,3.6890910973185655,227.91666666666666,1.0,False
"The Great India Place, Sector 38",1,13,411,31.615384615384617,3.1893322902593626,394.7083333333333,0.25,False
"The Great India Place, Sector 38",2,13,1921,147.76923076923077,3.2989229954513584,394.7083333333333,0.5,False
"The Great India Place, Sector 38",3,9,2671,296.77777777777777,3.3158930227732157,394.7083333333333,0.75,False
"The Great India Place, Sector 38",4,2,1377,688.5,2.865613848516416,394.7083333333333,1.0,True
Tilak Nagar,1,53,336,6.339622641509434,3.3091708819152994,83.16981132075472,0.6666666666666666,False
Tilak Nagar,2,7,24,3.4285714285714284,3.313058594995672,83.16981132075472,0.3333333333333333,False
Tilak Nagar,4,1,160,160.0,3.618241773924916,83.16981132075472,1.0,True
Udyog Vihar,1,22,44,2.0,3.3185021487018758,12.23076923076923,0.25,False
Udyog Vihar,2,13,95,7.3076923076923075,3.29070088356983,12.23076923076923,0.75,False
Udyog Vihar,3,1,7,7.0,3.269866620541205,12.23076923076923,0.5,False
Udyog Vihar,4,1,27,27.0,3.119901720398783,12.23076923076923,1.0,True
Uttam Nagar,1,54,261,4.833333333333333,3.303398145559293,6.458333333333333,0.5,False
Uttam Nagar,2,5,35,7.0,3.262582774198283,6.458333333333333,1.0,False
Vasant Vihar,1,22,326,14.818181818181818,3.3235190637419856,68.91666666666666,0.25,False
Vasant Vihar,2,9,485,53.888888888888886,3.2768606414596047,68.91666666666666,0.75,False
Vasant Vihar,3,4,139,34.75,3.384636692294372,68.91666666666666,0.5,False
Vasant Vihar,4,1,114,114.0,4.014800802149126,68.91666666666666,1.0,True
Vasundhara Enclave,1,56,291,5.196428571428571,3.3106496188344354,6.049107142857142,0.5,False
Vasundhara Enclave,2,6,38,6.333333333333333,3.230374929854096,6.049107142857142,1.0,False
Vijay Nagar,1,16,1699,106.1875,3.496560959680048,281.83,0.25,False
Vijay Nagar,2,25,12283,491.32,3.7039081504759044,281.83,1.0,False
Vijay Nagar,3,3,634,211.33333333333334,3.7095437155590543,281.83,0.5,False
Vijay Nagar,4,2,424,212.0,3.6365357332550596,281.83,0.75,False
Vikaspuri,1,41,854,20.829268292682926,3.2786111069059136,29.720588235294116,0.3333333333333333,False
Vikaspuri,2,17,407,23.941176470588236,3.2295029479213566,29.720588235294116,0.6666666666666666,False
Vikaspuri,3,2,71,35.5,3.3329155685956433,29.720588235294116,1.0,True
Vivek Vihar,1,29,433,14.931034482758621,3.240338039885978,60.83990147783251,0.5,False
Vivek Vihar,2,7,533,76.14285714285714,3.42596296348863,60.83990147783251,1.0,False
